timestamp,current_mA,shunt_voltage_mV,bus_voltage_V,load_voltage_V,power_mW
2026-02-19T16:41:32.884379,0.5,0.05,0.0,0.0,0.0
2026-02-19T16:41:33.891172,0.1,0.01,0.0,0.0,0.0
2026-02-19T16:41:34.896596,0.4,0.04,0.0,0.0,0.0
2026-02-19T16:41:35.901368,0.1,0.01,0.0,0.0,0.0
2026-02-19T16:41:36.904823,0.4,0.01,0.0,0.0,0.0
2026-02-19T16:41:37.913152,0.2,0.02,0.0,0.0,0.0
2026-02-19T16:41:38.918818,0.4,0.04,0.01,0.01,0.0
2026-02-19T16:41:39.923613,0.2,0.06,0.01,0.01,0.0
2026-02-19T16:41:40.922408,0.3,0.03,0.01,0.01,0.0
2026-02-19T16:41:41.937657,0.4,0.04,0.01,0.01,0.0
2026-02-19T16:41:42.938976,0.2,0.04,0.01,0.01,0.0
2026-02-19T16:41:43.946914,0.4,0.04,0.0,0.0,0.0
2026-02-19T16:41:44.954394,0.3,0.03,0.0,0.0,0.0
2026-02-19T16:41:45.959438,183.5,18.21,3.1,3.11,576.0
2026-02-19T16:41:46.965859,186.2,17.96,3.12,3.14,612.0
2026-02-19T16:41:47.973395,107.5,10.75,3.13,3.14,344.0
2026-02-19T16:41:48.976381,215.4,21.54,3.01,3.03,620.0
2026-02-19T16:41:49.978649,106.1,10.97,3.16,3.17,354.0
2026-02-19T16:41:50.983856,111.3,11.46,3.13,3.14,360.0
2026-02-19T16:41:51.990634,136.1,14.03,3.16,3.17,390.0
2026-02-19T16:41:53.001048,151.6,15.16,3.12,3.13,416.0
2026-02-19T16:41:54.007278,134.7,13.47,3.12,3.14,440.0
2026-02-19T16:41:55.015872,190.8,18.4,3.04,3.06,558.0
2026-02-19T16:41:56.020982,136.0,13.91,3.1,3.11,432.0
2026-02-19T16:41:57.027861,134.8,11.66,3.16,3.17,348.0
2026-02-19T16:41:58.034307,113.0,11.3,3.14,3.15,350.0
2026-02-19T16:41:59.041639,134.2,13.42,3.13,3.14,446.0
2026-02-19T16:42:00.047140,111.9,11.22,3.14,3.16,394.0
2026-02-19T16:42:01.053835,115.1,11.55,3.14,3.16,370.0
2026-02-19T16:42:02.055593,216.7,21.67,3.01,3.03,612.0
2026-02-19T16:42:03.066135,118.7,11.87,3.14,3.15,350.0
2026-02-19T16:42:04.071561,111.0,12.34,3.16,3.17,394.0
2026-02-19T16:42:05.078476,108.5,12.67,3.14,3.15,348.0
2026-02-19T16:42:06.084949,131.6,11.44,3.16,3.17,364.0
2026-02-19T16:42:07.090665,109.6,10.96,3.16,3.17,348.0
2026-02-19T16:42:08.089054,110.1,11.01,3.15,3.16,348.0
2026-02-19T16:42:09.103718,142.4,14.18,3.13,3.15,448.0
2026-02-19T16:42:10.109704,205.5,18.6,3.05,3.07,554.0
2026-02-19T16:42:11.113519,120.2,11.67,3.15,3.16,390.0
2026-02-19T16:42:12.120595,144.3,14.43,3.13,3.15,448.0
2026-02-19T16:42:13.128108,110.4,11.03,3.14,3.15,364.0
2026-02-19T16:42:14.130764,120.3,12.15,3.16,3.17,376.0
2026-02-19T16:42:15.138055,134.2,13.09,3.13,3.15,412.0
2026-02-19T16:42:16.140152,115.7,11.57,3.15,3.16,364.0
2026-02-19T16:42:17.147803,183.2,18.32,3.05,3.07,606.0
2026-02-19T16:42:18.159008,109.8,11.54,3.14,3.16,350.0
2026-02-19T16:42:19.157264,123.6,12.6,3.16,3.17,370.0
2026-02-19T16:42:20.170515,180.2,12.76,3.14,3.15,370.0
2026-02-19T16:42:21.171748,138.3,13.83,3.13,3.14,426.0
2026-02-19T16:42:22.181888,120.0,12.0,3.16,3.17,380.0
2026-02-19T16:42:23.188045,115.8,11.85,3.15,3.16,350.0
2026-02-19T16:42:24.196129,119.7,12.23,3.16,3.17,396.0
2026-02-19T16:42:25.198644,132.5,13.25,3.12,3.14,436.0
2026-02-19T16:42:26.208905,117.2,11.72,3.15,3.16,374.0
2026-02-19T16:42:27.214293,124.5,12.97,3.16,3.17,456.0
2026-02-19T16:42:28.220867,187.6,18.56,3.01,3.03,626.0
2026-02-19T16:42:29.227148,140.9,13.96,3.14,3.15,456.0
2026-02-19T16:42:30.230423,111.3,11.13,3.15,3.16,368.0
2026-02-19T16:42:31.238331,130.2,13.02,3.15,3.16,374.0
2026-02-19T16:42:32.238593,142.3,13.47,3.13,3.14,446.0
2026-02-19T16:42:33.247402,135.1,13.46,3.12,3.13,436.0
2026-02-19T16:42:34.257371,124.3,12.64,3.15,3.16,390.0
2026-02-19T16:42:35.263259,121.6,12.16,3.15,3.16,360.0
2026-02-19T16:42:36.270369,136.3,13.63,3.14,3.15,456.0
2026-02-19T16:42:37.274012,114.5,11.27,3.16,3.17,358.0
2026-02-19T16:42:38.277738,196.5,18.42,3.04,3.06,570.0
2026-02-19T16:42:39.288023,124.9,12.49,3.17,3.18,380.0
2026-02-19T16:42:40.286426,111.9,11.19,3.15,3.16,350.0
2026-02-19T16:42:41.300882,117.5,11.27,3.16,3.18,376.0
2026-02-19T16:42:42.307703,142.5,14.14,3.13,3.15,466.0
2026-02-19T16:42:43.313475,132.1,13.56,3.12,3.14,416.0
2026-02-19T16:42:44.320187,124.0,12.4,3.16,3.17,376.0
2026-02-19T16:42:45.320982,110.3,11.03,3.15,3.16,350.0
2026-02-19T16:42:46.328096,123.7,12.53,3.15,3.16,396.0
2026-02-19T16:42:47.337020,125.9,13.86,3.14,3.15,400.0
2026-02-19T16:42:48.344188,121.0,11.55,3.16,3.17,348.0
2026-02-19T16:42:49.348284,205.8,20.58,3.02,3.04,646.0
2026-02-19T16:42:50.354001,122.7,12.27,3.16,3.17,350.0
2026-02-19T16:42:51.359561,112.7,11.36,3.14,3.15,406.0
2026-02-19T16:42:52.367473,127.5,11.06,3.16,3.17,348.0
2026-02-19T16:42:53.373472,119.1,11.65,3.15,3.16,348.0
2026-02-19T16:42:54.378306,112.0,11.2,3.17,3.18,390.0
2026-02-19T16:42:55.384773,112.2,11.22,3.16,3.17,396.0
2026-02-19T16:42:56.390534,111.5,11.74,3.14,3.16,364.0
2026-02-19T16:42:57.392061,195.9,18.98,3.06,3.08,594.0
2026-02-19T16:42:58.400595,109.3,10.97,3.16,3.17,344.0
2026-02-19T16:42:59.409135,116.3,11.63,3.14,3.16,374.0
2026-02-19T16:43:00.418809,129.4,12.94,3.14,3.16,456.0
2026-02-19T16:43:01.418173,116.7,11.57,3.16,3.17,370.0
2026-02-19T16:43:02.429537,111.5,11.13,3.16,3.18,368.0
2026-02-19T16:43:03.436661,115.4,11.64,3.16,3.17,396.0
2026-02-19T16:43:04.436346,113.0,13.0,3.14,3.15,412.0
2026-02-19T16:43:05.449028,128.8,12.88,3.15,3.16,400.0
2026-02-19T16:43:06.453546,112.9,11.29,3.15,3.16,350.0
2026-02-19T16:43:07.459264,114.7,11.5,3.16,3.17,368.0
2026-02-19T16:43:08.468830,126.9,13.37,3.16,3.17,348.0
2026-02-19T16:43:09.469577,187.4,18.77,3.04,3.06,576.0
2026-02-19T16:43:10.476837,118.3,11.83,3.17,3.18,376.0
2026-02-19T16:43:11.483045,117.4,11.74,3.16,3.18,370.0
2026-02-19T16:43:12.493727,115.4,11.36,3.14,3.15,390.0
2026-02-19T16:43:13.494535,207.7,19.88,3.04,3.06,638.0
2026-02-19T16:43:14.499216,116.1,10.99,3.17,3.18,344.0
2026-02-19T16:43:15.504847,207.6,20.76,3.04,3.06,622.0
2026-02-19T16:43:16.517712,125.3,12.53,3.16,3.18,404.0
2026-02-19T16:43:17.519219,115.2,12.29,3.14,3.16,360.0
2026-02-19T16:43:18.529242,116.1,11.07,3.17,3.18,374.0
2026-02-19T16:43:19.532015,113.4,11.1,3.16,3.18,400.0
2026-02-19T16:43:20.540676,183.0,18.3,3.05,3.07,566.0
2026-02-19T16:43:21.548368,130.0,13.0,3.16,3.18,386.0
2026-02-19T16:43:22.554571,111.5,11.15,3.16,3.17,354.0
2026-02-19T16:43:23.559104,112.0,11.24,3.16,3.17,358.0
2026-02-19T16:43:24.568122,116.5,12.3,3.17,3.18,400.0
2026-02-19T16:43:25.573130,118.8,13.99,3.13,3.15,416.0
2026-02-19T16:43:26.579133,138.8,13.88,3.13,3.14,430.0
2026-02-19T16:43:27.585333,111.6,11.16,3.16,3.18,348.0
2026-02-19T16:43:28.592931,111.2,11.08,3.16,3.17,370.0
2026-02-19T16:43:29.597712,195.1,20.61,3.1,3.12,472.0
2026-02-19T16:43:30.601678,211.4,20.69,3.05,3.07,586.0
2026-02-19T16:43:31.607779,111.1,11.14,3.17,3.18,354.0
2026-02-19T16:43:32.616491,196.6,19.66,3.06,3.08,606.0
2026-02-19T16:43:33.624493,123.0,12.3,3.16,3.17,404.0
2026-02-19T16:43:34.629039,112.8,11.59,3.16,3.17,380.0
2026-02-19T16:43:35.635234,125.6,12.32,3.17,3.18,364.0
2026-02-19T16:43:36.640300,114.5,10.93,3.16,3.17,348.0
2026-02-19T16:43:37.640725,116.2,11.62,3.16,3.17,370.0
2026-02-19T16:43:38.654318,138.7,13.87,3.14,3.15,458.0
2026-02-19T16:43:39.657650,135.9,13.72,3.12,3.13,422.0
2026-02-19T16:43:40.667367,140.9,13.47,3.14,3.15,412.0
2026-02-19T16:43:41.668463,109.3,10.88,3.16,3.17,368.0
2026-02-19T16:43:42.674991,113.7,11.14,3.15,3.16,350.0
2026-02-19T16:43:43.685095,143.7,14.37,3.12,3.14,420.0
2026-02-19T16:43:44.689704,132.3,13.23,3.14,3.15,410.0
2026-02-19T16:43:45.697148,111.1,11.17,3.15,3.16,376.0
2026-02-19T16:43:46.703303,123.8,12.83,3.17,3.18,416.0
2026-02-19T16:43:47.708863,144.8,13.32,3.14,3.15,410.0
2026-02-19T16:43:48.711863,115.2,11.3,3.17,3.18,368.0
2026-02-19T16:43:49.720211,118.0,11.8,3.17,3.18,394.0
2026-02-19T16:43:50.727447,136.4,13.64,3.12,3.14,430.0
2026-02-19T16:43:51.735621,113.7,11.84,3.16,3.17,368.0
2026-02-19T16:43:52.738730,121.5,11.78,3.17,3.18,348.0
2026-02-19T16:43:53.743289,111.1,11.83,3.14,3.15,368.0
2026-02-19T16:43:54.752151,111.5,11.59,3.17,3.18,390.0
2026-02-19T16:43:55.756504,125.0,12.5,3.16,3.18,368.0
2026-02-19T16:43:56.762142,130.3,13.03,3.14,3.16,400.0
2026-02-19T16:43:57.769538,144.1,13.85,3.14,3.16,410.0
2026-02-19T16:43:58.776064,185.0,20.1,3.04,3.06,616.0
2026-02-19T16:43:59.784702,224.3,22.43,3.01,3.03,672.0
2026-02-19T16:44:00.790531,139.0,13.04,3.14,3.16,410.0
2026-02-19T16:44:01.797331,126.7,12.67,3.14,3.16,422.0
2026-02-19T16:44:02.802609,129.1,12.91,3.15,3.16,410.0
2026-02-19T16:44:03.808740,204.7,20.47,3.04,3.06,616.0
2026-02-19T16:44:04.809786,129.2,12.98,3.15,3.16,404.0
2026-02-19T16:44:05.818908,130.3,12.99,3.15,3.16,410.0
2026-02-19T16:44:06.828115,149.0,13.09,3.14,3.16,412.0
2026-02-19T16:44:07.834382,142.4,14.31,3.12,3.14,476.0
2026-02-19T16:44:08.836106,111.6,11.16,3.16,3.18,354.0
2026-02-19T16:44:09.846341,113.4,11.34,3.17,3.18,380.0
2026-02-19T16:44:10.851575,114.6,12.33,3.15,3.16,448.0
2026-02-19T16:44:11.859019,132.7,13.75,3.12,3.13,422.0
2026-02-19T16:44:12.865940,118.0,11.94,3.15,3.16,358.0
2026-02-19T16:44:13.868615,188.0,18.63,3.06,3.08,586.0
2026-02-19T16:44:14.877068,105.9,10.55,3.16,3.17,354.0
2026-02-19T16:44:15.884408,118.1,11.81,3.16,3.17,400.0
2026-02-19T16:44:16.889078,135.6,13.56,3.15,3.16,404.0
2026-02-19T16:44:17.896074,187.9,18.79,3.05,3.07,560.0
2026-02-19T16:44:18.902094,190.5,19.01,3.06,3.08,584.0
2026-02-19T16:44:19.906591,119.9,13.77,3.14,3.15,422.0
2026-02-19T16:44:20.912949,122.9,13.06,3.13,3.14,396.0
2026-02-19T16:44:21.917851,127.2,13.54,3.15,3.17,390.0
2026-02-19T16:44:22.926716,121.2,12.12,3.15,3.16,380.0
2026-02-19T16:44:23.932005,109.9,10.99,3.16,3.17,344.0
2026-02-19T16:44:24.939494,115.9,11.72,3.16,3.17,374.0
2026-02-19T16:44:25.939841,132.8,12.94,3.15,3.16,358.0
2026-02-19T16:44:26.950860,122.2,12.92,3.14,3.15,380.0
2026-02-19T16:44:27.954113,123.0,12.87,3.15,3.16,422.0
2026-02-19T16:44:28.958490,116.5,11.65,3.16,3.17,400.0
2026-02-19T16:44:29.966585,114.1,11.41,3.16,3.17,348.0
2026-02-19T16:44:30.970911,119.2,11.92,3.15,3.16,400.0
2026-02-19T16:44:31.981502,120.1,11.29,3.16,3.18,374.0
2026-02-19T16:44:32.984180,110.2,13.04,3.14,3.15,390.0
2026-02-19T16:44:33.989755,118.0,12.0,3.16,3.18,376.0
2026-02-19T16:44:35.002100,133.2,13.16,3.15,3.17,386.0
2026-02-19T16:44:36.004897,116.8,11.68,3.14,3.15,396.0
2026-02-19T16:44:37.010085,117.7,11.77,3.16,3.17,370.0
2026-02-19T16:44:38.018450,144.1,14.41,3.16,3.17,416.0
2026-02-19T16:44:39.025772,196.3,19.61,3.06,3.08,422.0
2026-02-19T16:44:40.029093,115.4,11.37,3.17,3.18,360.0
2026-02-19T16:44:41.037644,111.5,12.56,3.17,3.18,396.0
2026-02-19T16:44:42.036086,123.6,13.28,3.14,3.15,400.0
2026-02-19T16:44:43.051363,210.5,21.84,3.02,3.04,632.0
2026-02-19T16:44:44.057063,125.5,12.55,3.16,3.17,376.0
2026-02-19T16:44:45.062463,109.3,10.93,3.16,3.17,350.0
2026-02-19T16:44:46.067584,134.8,13.61,3.12,3.13,422.0
2026-02-19T16:44:47.070548,146.7,13.37,3.17,3.19,400.0
2026-02-19T16:44:48.076505,113.1,12.84,3.15,3.16,384.0
2026-02-19T16:44:49.087762,134.2,13.26,3.12,3.14,422.0
2026-02-19T16:44:50.089181,114.2,12.22,3.16,3.17,374.0
2026-02-19T16:44:51.100061,124.9,12.49,3.15,3.16,384.0
2026-02-19T16:44:52.101001,116.6,11.66,3.15,3.16,360.0
2026-02-19T16:44:53.110391,111.6,11.16,3.17,3.18,364.0
2026-02-19T16:44:54.118611,114.7,12.43,3.16,3.18,396.0
2026-02-19T16:44:55.125846,129.6,13.16,3.12,3.14,404.0
2026-02-19T16:44:56.130191,126.8,13.03,3.15,3.17,390.0
2026-02-19T16:44:57.136905,135.6,11.22,3.16,3.17,426.0
2026-02-19T16:44:58.144295,111.9,11.26,3.15,3.16,358.0
2026-02-19T16:44:59.151129,144.9,14.49,3.12,3.13,416.0
2026-02-19T16:45:00.153832,120.3,12.03,3.17,3.18,384.0
2026-02-19T16:45:01.161372,134.1,13.41,3.13,3.14,410.0
2026-02-19T16:45:02.167504,113.4,11.46,3.16,3.17,368.0
2026-02-19T16:45:03.167566,112.7,12.5,3.16,3.17,394.0
2026-02-19T16:45:04.180162,141.5,13.49,3.13,3.14,422.0
2026-02-19T16:45:05.183862,131.2,11.43,3.17,3.18,360.0
2026-02-19T16:45:06.189808,124.5,12.45,3.17,3.18,390.0
2026-02-19T16:45:07.200108,126.4,12.64,3.14,3.16,390.0
2026-02-19T16:45:08.201119,187.9,18.79,3.05,3.07,564.0
2026-02-19T16:45:09.208551,188.6,18.86,3.06,3.08,612.0
2026-02-19T16:45:10.217592,124.8,10.95,3.16,3.17,386.0
2026-02-19T16:45:11.217356,122.3,12.68,3.12,3.14,446.0
2026-02-19T16:45:12.229730,133.4,11.91,3.16,3.18,390.0
2026-02-19T16:45:13.234562,132.5,13.53,3.15,3.16,376.0
2026-02-19T16:45:14.243502,195.5,19.53,3.04,3.06,580.0
2026-02-19T16:45:15.249503,132.1,13.21,3.12,3.14,394.0
2026-02-19T16:45:16.254847,128.1,12.81,3.16,3.18,390.0
2026-02-19T16:45:17.260139,111.3,11.13,3.16,3.17,354.0
2026-02-19T16:45:18.269054,114.9,12.0,3.15,3.16,380.0
2026-02-19T16:45:19.274338,196.6,19.79,3.05,3.07,626.0
2026-02-19T16:45:20.278429,194.6,19.73,3.06,3.08,586.0
2026-02-19T16:45:21.286750,127.1,11.01,3.15,3.16,380.0
2026-02-19T16:45:22.287859,116.2,11.21,3.17,3.18,358.0
2026-02-19T16:45:23.298114,131.8,13.83,3.14,3.16,436.0
2026-02-19T16:45:24.300232,122.6,12.26,3.14,3.15,404.0
2026-02-19T16:45:25.307632,112.5,11.25,3.16,3.18,358.0
2026-02-19T16:45:26.317719,134.0,13.4,3.15,3.17,390.0
2026-02-19T16:45:27.324139,185.9,18.59,3.06,3.07,574.0
2026-02-19T16:45:28.329627,118.2,11.05,3.15,3.16,350.0
2026-02-19T16:45:29.331827,122.4,12.0,3.15,3.16,404.0
2026-02-19T16:45:30.342775,119.2,11.91,3.16,3.17,374.0
2026-02-19T16:45:31.341282,187.7,18.3,3.05,3.07,566.0
2026-02-19T16:45:32.349293,121.0,12.32,3.13,3.14,400.0
2026-02-19T16:45:33.356721,134.0,13.11,3.16,3.17,410.0
2026-02-19T16:45:34.367483,112.4,11.24,3.16,3.18,344.0
2026-02-19T16:45:35.369568,118.6,11.86,3.16,3.17,348.0
2026-02-19T16:45:36.378704,129.5,12.95,3.14,3.15,412.0
2026-02-19T16:45:37.380218,125.4,12.54,3.16,3.18,370.0
2026-02-19T16:45:38.390856,125.8,11.45,3.16,3.17,348.0
2026-02-19T16:45:39.395310,110.9,11.66,3.16,3.17,358.0
2026-02-19T16:45:40.394992,119.2,11.25,3.17,3.18,386.0
2026-02-19T16:45:41.408206,130.8,13.52,3.15,3.16,394.0
2026-02-19T16:45:42.409575,129.7,12.2,3.14,3.15,384.0
2026-02-19T16:45:43.421531,117.9,12.43,3.16,3.18,358.0
2026-02-19T16:45:44.429633,114.4,11.44,3.15,3.16,420.0
2026-02-19T16:45:45.430792,119.8,11.98,3.14,3.16,386.0
2026-02-19T16:45:46.440472,124.0,12.4,3.14,3.16,380.0
2026-02-19T16:45:47.445546,119.8,11.98,3.16,3.18,386.0
2026-02-19T16:45:48.450182,192.5,19.25,3.05,3.07,492.0
2026-02-19T16:45:49.457351,112.2,11.46,3.14,3.15,370.0
2026-02-19T16:45:50.465920,122.8,12.77,3.15,3.16,390.0
2026-02-19T16:45:51.464012,129.2,12.24,3.16,3.17,358.0
2026-02-19T16:45:52.479008,199.5,19.34,3.04,3.06,610.0
2026-02-19T16:45:53.483560,112.4,10.97,3.15,3.16,376.0
2026-02-19T16:45:54.490077,126.8,12.67,3.15,3.16,390.0
2026-02-19T16:45:55.490572,135.6,13.35,3.16,3.17,406.0
2026-02-19T16:45:56.495769,124.8,12.48,3.16,3.17,350.0
2026-02-19T16:45:57.505532,120.2,12.02,3.13,3.14,400.0
2026-02-19T16:45:58.513250,117.5,11.75,3.17,3.18,380.0
2026-02-19T16:45:59.515955,127.3,12.73,3.15,3.16,412.0
2026-02-19T16:46:00.527997,113.0,11.3,3.15,3.16,358.0
2026-02-19T16:46:01.532420,187.2,19.34,3.05,3.07,570.0
2026-02-19T16:46:02.539138,121.4,12.31,3.15,3.16,370.0
2026-02-19T16:46:03.540933,137.0,12.43,3.15,3.16,416.0
2026-02-19T16:46:04.553675,112.6,11.17,3.14,3.15,386.0
2026-02-19T16:46:05.553435,111.8,12.04,3.15,3.16,368.0
2026-02-19T16:46:06.566375,116.7,12.31,3.15,3.16,390.0
2026-02-19T16:46:07.569269,124.4,11.34,3.16,3.17,348.0
2026-02-19T16:46:08.575472,116.6,11.66,3.15,3.16,376.0
2026-02-19T16:46:09.583982,114.6,11.46,3.16,3.17,354.0
2026-02-19T16:46:10.583594,124.3,12.43,3.17,3.18,406.0
2026-02-19T16:46:11.589823,124.2,12.42,3.16,3.17,348.0
2026-02-19T16:46:12.602880,123.9,12.39,3.14,3.16,406.0
2026-02-19T16:46:13.608654,121.3,12.23,3.15,3.16,426.0
2026-02-19T16:46:14.614878,201.8,20.1,3.05,3.07,630.0
2026-02-19T16:46:15.618932,116.3,11.78,3.16,3.17,354.0
2026-02-19T16:46:16.627676,128.7,11.11,3.15,3.16,364.0
2026-02-19T16:46:17.632858,146.0,20.56,3.03,3.05,638.0
2026-02-19T16:46:18.638507,121.0,13.54,3.15,3.17,416.0
2026-02-19T16:46:19.641017,112.8,12.61,3.16,3.17,400.0
2026-02-19T16:46:20.649309,115.7,11.35,3.16,3.17,380.0
2026-02-19T16:46:21.657357,118.2,11.21,3.17,3.18,380.0
2026-02-19T16:46:22.664453,119.3,11.93,3.16,3.18,406.0
2026-02-19T16:46:23.665510,125.3,12.53,3.15,3.16,376.0
2026-02-19T16:46:24.677349,113.3,11.33,3.16,3.17,380.0
2026-02-19T16:46:25.682581,122.7,12.27,3.16,3.17,416.0
2026-02-19T16:46:26.687282,123.6,12.36,3.17,3.18,380.0
2026-02-19T16:46:27.694244,108.7,10.87,3.16,3.17,350.0
2026-02-19T16:46:28.702304,185.2,18.76,3.06,3.08,566.0
2026-02-19T16:46:29.707214,192.9,19.3,3.06,3.08,584.0
2026-02-19T16:46:30.714642,182.3,18.67,3.06,3.08,560.0
2026-02-19T16:46:31.718933,129.7,12.57,3.14,3.15,376.0
2026-02-19T16:46:32.725375,122.2,13.51,3.14,3.15,394.0
2026-02-19T16:46:33.726226,117.4,11.45,3.17,3.18,376.0
2026-02-19T16:46:34.733164,137.2,12.36,3.15,3.16,410.0
2026-02-19T16:46:35.740506,109.9,11.0,3.15,3.16,374.0
2026-02-19T16:46:36.749633,127.7,11.59,3.16,3.17,386.0
2026-02-19T16:46:37.756074,122.3,12.37,3.15,3.16,386.0
2026-02-19T16:46:38.764621,110.5,11.05,3.14,3.16,406.0
2026-02-19T16:46:39.769912,207.5,20.75,3.02,3.04,620.0
2026-02-19T16:46:40.771421,133.6,13.36,3.14,3.16,406.0
2026-02-19T16:46:41.782565,139.7,13.97,3.14,3.15,436.0
2026-02-19T16:46:42.787918,138.7,13.87,3.13,3.15,432.0
2026-02-19T16:46:43.789523,222.1,22.21,3.02,3.05,638.0
2026-02-19T16:46:44.798874,134.5,13.45,3.14,3.15,404.0
2026-02-19T16:46:45.806155,128.1,12.81,3.15,3.16,404.0
2026-02-19T16:46:46.812978,144.0,14.56,3.12,3.13,462.0
2026-02-19T16:46:47.818982,139.4,14.31,3.13,3.15,432.0
2026-02-19T16:46:48.825907,138.0,13.82,3.14,3.15,432.0
2026-02-19T16:46:49.830858,131.2,13.24,3.14,3.15,416.0
2026-02-19T16:46:50.835742,122.6,12.32,3.17,3.18,380.0
2026-02-19T16:46:51.843780,120.1,13.05,3.14,3.15,404.0
2026-02-19T16:46:52.849136,119.5,11.91,2.89,2.9,344.0
2026-02-19T16:46:53.852267,103.6,10.37,2.95,2.96,304.0
2026-02-19T16:46:54.861770,112.9,11.3,2.98,2.99,324.0
2026-02-19T16:46:55.868408,136.8,14.31,2.85,2.86,416.0
2026-02-19T16:46:56.872742,114.5,12.06,2.97,2.98,364.0
2026-02-19T16:46:57.879000,89.0,8.69,3.03,3.04,266.0
2026-02-19T16:46:58.887834,121.7,12.17,2.98,3.0,340.0
2026-02-19T16:46:59.889990,91.2,9.12,3.07,3.08,278.0
2026-02-19T16:47:00.898377,126.4,12.52,2.88,2.89,350.0
2026-02-19T16:47:01.905623,113.6,10.98,2.92,2.93,334.0
2026-02-19T16:47:02.912369,148.1,16.15,2.83,2.85,432.0
2026-02-19T16:47:03.915402,113.9,11.44,2.99,3.0,350.0
2026-02-19T16:47:04.924959,88.7,9.62,3.07,3.08,292.0
2026-02-19T16:47:05.930828,119.6,11.91,3.04,3.05,384.0
2026-02-19T16:47:06.935963,84.6,8.42,3.08,3.08,298.0
2026-02-19T16:47:07.943065,137.7,13.77,2.94,2.96,400.0
2026-02-19T16:47:08.947528,113.9,11.39,3.07,3.08,286.0
2026-02-19T16:47:09.949424,135.4,13.54,2.94,2.96,386.0
2026-02-19T16:47:10.960378,126.0,12.6,2.97,2.98,386.0
2026-02-19T16:47:11.964997,95.5,9.55,3.02,3.03,318.0
2026-02-19T16:47:12.968852,118.4,11.84,2.98,2.99,350.0
2026-02-19T16:47:13.978781,94.6,9.46,3.07,3.08,294.0
2026-02-19T16:47:14.984865,127.3,12.93,2.98,3.0,374.0
2026-02-19T16:47:15.990567,103.8,10.62,3.04,3.05,294.0
2026-02-19T16:47:16.997965,136.8,13.83,2.9,2.91,412.0
2026-02-19T16:47:18.000714,115.7,12.49,2.92,2.93,374.0
2026-02-19T16:47:19.004044,103.0,10.52,3.01,3.02,324.0
2026-02-19T16:47:20.017213,119.2,11.69,2.94,2.95,360.0
2026-02-19T16:47:21.022005,97.4,8.57,3.02,3.02,256.0
2026-02-19T16:47:22.024097,117.4,11.61,2.94,2.95,328.0
2026-02-19T16:47:23.033822,98.6,9.14,3.06,3.07,266.0
2026-02-19T16:47:24.037320,142.2,14.22,2.89,2.91,442.0
2026-02-19T16:47:25.047517,125.8,12.58,2.97,2.98,376.0
2026-02-19T16:47:26.047605,88.9,8.89,3.03,3.04,268.0
2026-02-19T16:47:27.051207,128.4,13.28,2.95,2.96,364.0
2026-02-19T16:47:28.064228,99.1,9.14,3.06,3.07,282.0
2026-02-19T16:47:29.071617,130.8,13.62,2.93,2.94,376.0
2026-02-19T16:47:30.077749,91.2,9.23,3.05,3.06,304.0
2026-02-19T16:47:31.083866,136.3,13.65,2.85,2.87,394.0
2026-02-19T16:47:32.086581,115.2,11.48,2.97,2.98,344.0
2026-02-19T16:47:33.086881,103.4,9.99,3.04,3.05,334.0
2026-02-19T16:47:34.101608,127.3,12.73,3.0,3.01,350.0
2026-02-19T16:47:35.107030,92.7,9.27,3.06,3.07,294.0
2026-02-19T16:47:36.115133,122.0,12.2,3.0,3.01,374.0
2026-02-19T16:47:37.120351,88.1,8.81,3.08,3.09,272.0
2026-02-19T16:47:38.127254,143.0,14.64,2.92,2.94,430.0
2026-02-19T16:47:39.130026,137.2,12.93,3.0,3.02,376.0
2026-02-19T16:47:40.138328,101.2,10.54,3.08,3.09,272.0
2026-02-19T16:47:41.144728,112.5,11.37,3.03,3.04,334.0
2026-02-19T16:47:42.150842,89.8,8.69,3.06,3.07,272.0
2026-02-19T16:47:43.157051,113.7,12.08,2.99,3.0,368.0
2026-02-19T16:47:44.159264,91.9,8.55,3.1,3.11,282.0
2026-02-19T16:47:45.164203,152.6,14.0,2.94,2.95,406.0
2026-02-19T16:47:46.175489,122.5,12.34,2.99,3.0,364.0
2026-02-19T16:47:47.181073,93.5,9.4,3.08,3.09,276.0
2026-02-19T16:47:48.188589,120.1,12.01,3.02,3.04,364.0
2026-02-19T16:47:49.187836,96.7,9.67,3.08,3.09,298.0
2026-02-19T16:47:50.199718,149.1,14.91,2.94,2.96,442.0
2026-02-19T16:47:51.200499,108.8,10.88,3.04,3.05,330.0
2026-02-19T16:47:52.207822,159.8,15.98,2.9,2.92,484.0
2026-02-19T16:47:53.218573,134.7,13.47,2.97,2.98,400.0
2026-02-19T16:47:54.215674,111.3,11.13,3.04,3.05,338.0
2026-02-19T16:47:55.229177,150.7,15.07,2.93,2.94,442.0
2026-02-19T16:47:56.237452,105.7,10.57,3.04,3.05,370.0
2026-02-19T16:47:57.242997,131.6,13.16,3.0,3.01,394.0
2026-02-19T16:47:58.249531,116.4,11.64,3.05,3.06,348.0
2026-02-19T16:47:59.256152,170.8,17.08,2.92,2.94,462.0
2026-02-19T16:48:00.262913,145.9,14.59,2.96,2.97,432.0
2026-02-19T16:48:01.260500,128.4,12.84,3.02,3.03,384.0
2026-02-19T16:48:02.267079,145.8,14.58,2.98,3.0,436.0
2026-02-19T16:48:03.277814,123.6,12.36,3.03,3.04,376.0
2026-02-19T16:48:04.280414,150.9,15.09,2.93,2.94,440.0
2026-02-19T16:48:05.289971,83.4,8.34,3.09,3.1,258.0
2026-02-19T16:48:06.298237,121.9,11.41,3.0,3.01,360.0
2026-02-19T16:48:07.299268,116.0,11.6,3.04,3.05,354.0
2026-02-19T16:48:08.307415,126.5,12.65,2.99,3.0,380.0
2026-02-19T16:48:09.318458,145.2,14.52,2.96,2.97,432.0
2026-02-19T16:48:10.323977,123.4,12.34,3.01,3.02,370.0
2026-02-19T16:48:11.329670,149.8,14.98,2.92,2.93,442.0
2026-02-19T16:48:12.334700,107.3,10.73,3.05,3.06,358.0
2026-02-19T16:48:13.337627,163.9,16.39,2.86,2.87,478.0
2026-02-19T16:48:14.347586,150.5,15.05,2.88,2.9,432.0
2026-02-19T16:48:15.350323,128.5,12.85,2.96,2.97,380.0
2026-02-19T16:48:16.355703,136.4,13.64,2.95,2.97,406.0
2026-02-19T16:48:17.367110,93.3,9.33,3.07,3.08,292.0
2026-02-19T16:48:18.368778,121.5,12.15,3.03,3.04,354.0
2026-02-19T16:48:19.377042,98.6,9.86,3.08,3.09,262.0
2026-02-19T16:48:20.382175,147.6,16.37,2.84,2.86,436.0
2026-02-19T16:48:21.392128,113.3,11.63,2.92,2.93,394.0
2026-02-19T16:48:22.399023,111.8,11.53,2.98,2.99,340.0
2026-02-19T16:48:23.398112,118.1,11.75,3.0,3.01,360.0
2026-02-19T16:48:24.408560,93.1,9.31,3.06,3.07,286.0
2026-02-19T16:48:25.408748,123.2,12.32,2.84,2.85,350.0
2026-02-19T16:48:26.421716,108.2,10.52,2.99,3.0,318.0
2026-02-19T16:48:27.427151,146.8,15.75,2.79,2.81,446.0
2026-02-19T16:48:28.429676,136.5,13.53,2.91,2.93,394.0
2026-02-19T16:48:29.440773,112.1,11.1,2.97,2.98,328.0
2026-02-19T16:48:30.448004,145.4,14.57,2.84,2.85,420.0
2026-02-19T16:48:31.454411,106.6,11.27,2.98,2.99,314.0
2026-02-19T16:48:32.457442,149.7,14.97,2.88,2.89,384.0
2026-02-19T16:48:33.465649,105.8,10.58,2.98,2.99,312.0
2026-02-19T16:48:34.473175,158.6,15.86,2.82,2.84,448.0
2026-02-19T16:48:35.472307,116.2,11.62,2.93,2.94,344.0
2026-02-19T16:48:36.484931,89.2,8.92,3.04,3.05,298.0
2026-02-19T16:48:37.490191,127.2,12.42,2.96,2.97,350.0
2026-02-19T16:48:38.497925,105.3,10.53,2.97,2.98,340.0
2026-02-19T16:48:39.503566,147.8,14.78,2.82,2.84,426.0
2026-02-19T16:48:40.505121,104.6,10.46,2.98,2.99,314.0
2026-02-19T16:48:41.515152,158.8,15.88,2.86,2.88,456.0
2026-02-19T16:48:42.521465,132.3,13.23,2.91,2.93,410.0
2026-02-19T16:48:43.519573,89.0,8.9,3.04,3.04,288.0
2026-02-19T16:48:44.533953,110.4,11.04,2.93,2.94,328.0
2026-02-19T16:48:45.539035,87.3,8.73,2.99,3.0,266.0
2026-02-19T16:48:46.539495,130.2,13.03,2.88,2.89,376.0
2026-02-19T16:48:47.549080,107.1,11.2,2.99,3.0,322.0
2026-02-19T16:48:48.555012,160.0,17.24,2.8,2.81,436.0
2026-02-19T16:48:49.556689,139.8,13.41,2.93,2.94,432.0
2026-02-19T16:48:50.570359,110.6,11.06,3.02,3.03,330.0
2026-02-19T16:48:51.576757,135.3,13.53,2.96,2.98,404.0
2026-02-19T16:48:52.577746,107.1,10.71,3.07,3.08,328.0
2026-02-19T16:48:53.590126,131.9,13.19,3.0,3.01,390.0
2026-02-19T16:48:54.589529,105.6,10.56,3.07,3.08,322.0
2026-02-19T16:48:55.599905,162.5,16.25,2.92,2.93,462.0
2026-02-19T16:48:56.604517,143.6,14.36,3.0,3.01,400.0
2026-02-19T16:48:57.615165,108.5,10.85,3.04,3.05,334.0
2026-02-19T16:48:58.621566,146.6,14.66,2.99,3.0,440.0
2026-02-19T16:48:59.627244,110.3,11.03,3.06,3.07,328.0
2026-02-19T16:49:00.632612,106.0,10.6,3.04,3.05,376.0
2026-02-19T16:49:01.639176,108.5,11.03,3.08,3.09,338.0
2026-02-19T16:49:02.645483,148.4,15.11,2.94,2.96,456.0
2026-02-19T16:49:03.652199,135.6,13.86,3.02,3.03,410.0
2026-02-19T16:49:04.657701,110.6,11.61,3.08,3.09,360.0
2026-02-19T16:49:05.661197,130.0,12.99,3.03,3.04,394.0
2026-02-19T16:49:06.665670,111.3,11.32,3.08,3.09,344.0
2026-02-19T16:49:07.669701,103.8,10.4,3.09,3.1,322.0
2026-02-19T16:49:08.679220,139.9,14.14,3.0,3.01,416.0
2026-02-19T16:49:09.685419,120.9,12.27,3.07,3.08,350.0
2026-02-19T16:49:10.688830,137.8,13.28,3.01,3.02,426.0
2026-02-19T16:49:11.694782,114.5,10.8,3.01,3.02,318.0
2026-02-19T16:49:12.701516,145.7,14.77,2.97,2.99,430.0
2026-02-19T16:49:13.711189,108.3,10.88,3.04,3.05,334.0
2026-02-19T16:49:14.719006,57.3,5.62,3.09,3.09,170.0
2026-02-19T16:49:15.720471,80.2,8.0,3.04,3.04,242.0
2026-02-19T16:49:16.730087,111.5,10.97,2.88,2.89,314.0
2026-02-19T16:49:17.737537,129.9,13.88,2.95,2.96,384.0
2026-02-19T16:49:18.745041,105.4,10.59,3.02,3.03,318.0
2026-02-19T16:49:19.749723,144.4,14.52,2.83,2.84,410.0
2026-02-19T16:49:20.749405,106.1,10.7,2.99,3.0,324.0
2026-02-19T16:49:21.758051,55.4,5.55,3.17,3.17,174.0
2026-02-19T16:49:22.769481,121.2,14.55,2.85,2.86,416.0
2026-02-19T16:49:23.775451,117.6,11.0,3.01,3.02,330.0
2026-02-19T16:49:24.776446,134.4,14.34,2.92,2.93,390.0
2026-02-19T16:49:25.785504,120.8,12.07,2.98,3.0,364.0
2026-02-19T16:49:26.786120,146.1,14.67,2.88,2.89,416.0
2026-02-19T16:49:27.793017,122.5,12.16,3.12,3.14,384.0
2026-02-19T16:49:28.798461,51.2,5.02,3.24,3.25,160.0
2026-02-19T16:49:29.808087,148.6,13.11,3.03,3.05,370.0
2026-02-19T16:49:30.810532,124.0,12.61,3.03,3.04,384.0
2026-02-19T16:49:31.819239,145.2,13.33,2.99,3.0,400.0
2026-02-19T16:49:32.827187,104.6,12.17,3.05,3.06,322.0
2026-02-19T16:49:33.836497,130.8,13.22,3.01,3.03,410.0
2026-02-19T16:49:34.840136,107.5,10.72,3.08,3.09,328.0
2026-02-19T16:49:35.848425,165.6,16.01,2.96,2.97,488.0
2026-02-19T16:49:36.851201,141.0,13.46,3.01,3.03,404.0
2026-02-19T16:49:37.862270,108.7,10.87,3.06,3.07,344.0
2026-02-19T16:49:38.868583,138.4,13.84,2.98,2.99,432.0
2026-02-19T16:49:39.869210,115.3,11.53,3.07,3.08,350.0
2026-02-19T16:49:40.876923,104.2,10.42,3.08,3.09,322.0
2026-02-19T16:49:41.880245,106.0,10.6,3.08,3.09,370.0
2026-02-19T16:49:42.884320,124.1,12.41,3.06,3.07,344.0
2026-02-19T16:49:43.898439,133.9,13.39,3.02,3.03,436.0
2026-02-19T16:49:44.904269,105.4,10.54,3.04,3.05,322.0
2026-02-19T16:49:45.911596,146.2,14.62,2.99,3.0,436.0
2026-02-19T16:49:46.913046,105.1,10.57,3.07,3.08,376.0
2026-02-19T16:49:47.918293,55.3,5.56,3.2,3.21,176.0
2026-02-19T16:49:48.929326,112.9,11.29,3.05,3.06,348.0
2026-02-19T16:49:49.929257,114.1,10.89,3.07,3.08,330.0
2026-02-19T16:49:50.940661,143.0,13.7,3.01,3.03,404.0
2026-02-19T16:49:51.942908,107.5,10.94,3.07,3.08,330.0
2026-02-19T16:49:52.953592,147.3,15.21,2.98,3.0,448.0
2026-02-19T16:49:53.961466,112.2,12.01,3.07,3.08,380.0
2026-02-19T16:49:54.961467,158.4,16.36,2.94,2.96,472.0
2026-02-19T16:49:55.967606,133.4,13.5,3.02,3.04,400.0
2026-02-19T16:49:56.972448,108.9,11.37,3.07,3.08,334.0
2026-02-19T16:49:57.985623,147.6,14.51,3.0,3.01,442.0
2026-02-19T16:49:58.989859,105.9,10.78,3.09,3.1,324.0
2026-02-19T16:49:59.997909,104.5,10.57,3.1,3.11,324.0
2026-02-19T16:50:01.003482,107.6,10.72,3.09,3.1,350.0
2026-02-19T16:50:02.010640,117.1,11.93,3.06,3.08,396.0
2026-02-19T16:50:03.010303,135.0,13.43,3.03,3.05,406.0
2026-02-19T16:50:04.019933,111.3,10.77,3.09,3.1,338.0
2026-02-19T16:50:05.027949,147.5,14.95,3.0,3.01,436.0
2026-02-19T16:50:06.027552,113.8,11.38,3.09,3.1,330.0
2026-02-19T16:50:07.035398,50.8,5.08,3.22,3.22,160.0
2026-02-19T16:50:08.047330,131.9,13.84,3.01,3.02,406.0
2026-02-19T16:50:09.049951,115.4,11.05,3.09,3.1,340.0
2026-02-19T16:50:10.060013,150.8,15.08,3.03,3.04,436.0
2026-02-19T16:50:11.065526,106.7,10.67,3.09,3.1,350.0
2026-02-19T16:50:12.071312,131.8,13.18,3.04,3.06,400.0
2026-02-19T16:50:13.077051,108.3,10.83,3.07,3.08,334.0
2026-02-19T16:50:14.084903,168.7,16.87,2.96,2.98,478.0
2026-02-19T16:50:15.090949,142.1,14.21,3.02,3.04,410.0
2026-02-19T16:50:16.097594,108.8,10.88,3.07,3.08,338.0
2026-02-19T16:50:17.095411,152.7,15.27,3.01,3.03,446.0
2026-02-19T16:50:18.109540,117.6,11.76,3.1,3.11,328.0
2026-02-19T16:50:19.110632,104.3,10.41,3.1,3.11,322.0
2026-02-19T16:50:20.118361,148.1,15.82,3.01,3.03,426.0
2026-02-19T16:50:21.124830,122.2,11.65,3.09,3.1,374.0
2026-02-19T16:50:22.126860,146.1,13.41,3.04,3.05,422.0
2026-02-19T16:50:23.140854,109.0,10.54,3.08,3.09,324.0
2026-02-19T16:50:24.146030,132.4,13.1,3.04,3.06,396.0
2026-02-19T16:50:25.153270,112.7,11.34,3.1,3.11,334.0
2026-02-19T16:50:26.159568,212.8,14.3,3.03,3.04,430.0
2026-02-19T16:50:27.160414,133.1,13.31,3.04,3.05,404.0
2026-02-19T16:50:28.170459,119.6,10.9,3.07,3.08,364.0
2026-02-19T16:50:29.177005,147.1,14.71,3.01,3.03,448.0
2026-02-19T16:50:30.178830,107.9,10.79,3.1,3.11,334.0
2026-02-19T16:50:31.188824,124.7,12.47,3.06,3.08,380.0
2026-02-19T16:50:32.196632,114.4,11.44,3.1,3.12,330.0
2026-02-19T16:50:33.200662,165.4,16.54,3.0,3.01,448.0
2026-02-19T16:50:34.209276,148.4,14.84,3.03,3.05,458.0
2026-02-19T16:50:35.209820,105.8,10.58,3.08,3.09,328.0
2026-02-19T16:50:36.217794,130.6,13.15,3.04,3.06,396.0
2026-02-19T16:50:37.226926,112.8,11.31,3.08,3.09,350.0
2026-02-19T16:50:38.233711,55.6,5.54,3.21,3.22,176.0
2026-02-19T16:50:39.229941,109.1,10.95,3.07,3.08,386.0
2026-02-19T16:50:40.243451,114.5,11.16,3.05,3.06,350.0
2026-02-19T16:50:41.248298,135.5,13.45,2.99,3.0,436.0
2026-02-19T16:50:42.256524,116.9,11.18,3.05,3.06,324.0
2026-02-19T16:50:43.259783,130.3,13.07,2.99,3.01,394.0
2026-02-19T16:50:44.269419,202.6,20.14,3.11,3.13,620.0
2026-02-19T16:50:45.274172,177.5,17.97,3.14,3.15,558.0
2026-02-19T16:50:46.276740,176.4,17.66,3.14,3.16,558.0
2026-02-19T16:50:47.283897,173.0,17.59,3.15,3.17,560.0
2026-02-19T16:50:48.294098,184.8,18.37,3.12,3.14,580.0
2026-02-19T16:50:49.300393,170.0,16.73,3.14,3.16,514.0
2026-02-19T16:50:50.306789,162.4,16.24,3.14,3.16,512.0
2026-02-19T16:50:51.314035,187.9,18.79,3.13,3.15,576.0
2026-02-19T16:50:52.312242,172.1,17.21,3.14,3.16,548.0
2026-02-19T16:50:53.326984,172.9,17.29,3.15,3.17,544.0
2026-02-19T16:50:54.328477,171.4,17.14,3.16,3.17,564.0
2026-02-19T16:50:55.334198,171.1,17.11,3.15,3.17,580.0
2026-02-19T16:50:56.344672,175.0,17.1,3.15,3.17,522.0
2026-02-19T16:50:57.347018,180.4,16.71,3.14,3.16,522.0
2026-02-19T16:50:58.351044,164.9,16.41,3.15,3.17,518.0
2026-02-19T16:50:59.359352,174.3,17.42,3.14,3.16,558.0
2026-02-19T16:51:00.368845,168.6,16.91,3.14,3.16,550.0
2026-02-19T16:51:01.376008,164.1,16.9,3.16,3.18,534.0
2026-02-19T16:51:02.375078,186.7,18.62,3.14,3.16,564.0
2026-02-19T16:51:03.386018,159.9,16.59,3.15,3.17,522.0
2026-02-19T16:51:04.393030,162.5,16.37,3.16,3.18,502.0
2026-02-19T16:51:05.399827,171.5,18.1,3.14,3.15,564.0
2026-02-19T16:51:06.400400,171.8,17.14,3.15,3.17,544.0
2026-02-19T16:51:07.409698,166.2,16.62,3.15,3.17,528.0
2026-02-19T16:51:08.418947,167.8,16.78,3.16,3.18,540.0
2026-02-19T16:51:09.426082,167.5,16.75,3.16,3.18,544.0
2026-02-19T16:51:10.429358,185.4,18.54,3.15,3.17,512.0
2026-02-19T16:51:11.437460,161.8,16.18,3.16,3.18,508.0
2026-02-19T16:51:12.443165,161.1,16.11,3.16,3.17,508.0
2026-02-19T16:51:13.449990,165.5,17.34,3.15,3.17,522.0
2026-02-19T16:51:14.451514,161.5,16.22,3.15,3.16,512.0
2026-02-19T16:51:15.459900,176.2,17.7,3.15,3.17,564.0
2026-02-19T16:51:16.468109,179.1,18.39,3.13,3.15,770.0
2026-02-19T16:51:17.476034,168.6,16.71,3.16,3.18,538.0
2026-02-19T16:51:18.476660,175.5,17.12,3.16,3.18,524.0
2026-02-19T16:51:19.483517,171.3,17.4,3.15,3.17,528.0
2026-02-19T16:51:20.492684,170.5,17.52,3.14,3.16,566.0
2026-02-19T16:51:21.495903,160.2,17.66,3.14,3.15,548.0
2026-02-19T16:51:22.499420,175.5,17.28,3.15,3.17,550.0
2026-02-19T16:51:23.512699,176.2,17.62,3.15,3.17,566.0
2026-02-19T16:51:24.514008,171.7,17.17,3.16,3.18,558.0
2026-02-19T16:51:25.525623,181.2,18.12,3.15,3.17,560.0
2026-02-19T16:51:26.530516,179.8,17.98,3.15,3.17,576.0
2026-02-19T16:51:27.533383,160.6,16.06,3.16,3.17,514.0
2026-02-19T16:51:28.541818,160.8,16.08,3.15,3.17,514.0
2026-02-19T16:51:29.545610,162.5,16.25,3.14,3.16,560.0
2026-02-19T16:51:30.555394,166.0,16.24,3.16,3.18,530.0
2026-02-19T16:51:31.561105,171.4,16.93,3.16,3.18,548.0
2026-02-19T16:51:32.564280,178.4,17.68,3.15,3.17,586.0
2026-02-19T16:51:33.569648,174.9,16.1,3.16,3.18,530.0
2026-02-19T16:51:34.579550,161.6,17.48,3.16,3.17,524.0
2026-02-19T16:51:35.578909,161.4,16.0,3.16,3.17,508.0
2026-02-19T16:51:36.593368,172.2,17.57,3.14,3.15,564.0
2026-02-19T16:51:37.597549,162.6,16.23,3.17,3.18,514.0
2026-02-19T16:51:38.605828,168.9,16.85,3.16,3.17,534.0
2026-02-19T16:51:39.610331,171.7,17.48,3.16,3.18,530.0
2026-02-19T16:51:40.610951,172.9,17.29,3.16,3.18,512.0
2026-02-19T16:51:41.624331,188.7,18.87,3.16,3.17,550.0
2026-02-19T16:51:42.626509,181.9,18.19,3.16,3.17,566.0
2026-02-19T16:51:43.636633,184.0,18.4,3.15,3.17,538.0
2026-02-19T16:51:44.643213,155.5,15.55,3.16,3.18,504.0
2026-02-19T16:51:45.648726,163.2,16.32,3.16,3.17,518.0
2026-02-19T16:51:46.653959,178.6,17.86,3.15,3.17,558.0
2026-02-19T16:51:47.658652,183.1,18.08,3.16,3.17,576.0
2026-02-19T16:51:48.666551,162.6,16.85,3.16,3.18,528.0
2026-02-19T16:51:49.674130,163.6,17.72,3.16,3.18,508.0
2026-02-19T16:51:50.676057,172.1,18.05,3.15,3.17,584.0
2026-02-19T16:51:51.681495,163.1,16.4,3.16,3.18,512.0
2026-02-19T16:51:52.685262,179.8,16.17,3.16,3.18,504.0
2026-02-19T16:51:53.698685,166.6,16.24,3.16,3.18,518.0
2026-02-19T16:51:54.703789,167.4,16.51,3.17,3.18,530.0
2026-02-19T16:51:55.705711,171.5,17.36,3.15,3.17,550.0
2026-02-19T16:51:56.708059,175.4,17.54,3.16,3.18,576.0
2026-02-19T16:51:57.722064,186.4,18.64,3.15,3.17,550.0
2026-02-19T16:51:58.728556,161.0,16.1,3.16,3.18,540.0
2026-02-19T16:51:59.729311,160.5,16.05,3.05,3.07,852.0
2026-02-19T16:52:00.741099,167.2,16.72,3.16,3.17,508.0
2026-02-19T16:52:01.745248,175.1,17.51,3.16,3.17,560.0
2026-02-19T16:52:02.754613,177.5,17.58,3.16,3.17,574.0
2026-02-19T16:52:03.757398,165.3,17.38,3.16,3.17,548.0
2026-02-19T16:52:04.767123,169.4,16.75,3.17,3.18,538.0
2026-02-19T16:52:05.772409,180.0,18.18,3.15,3.17,566.0
2026-02-19T16:52:06.770735,177.7,18.07,3.14,3.16,600.0
2026-02-19T16:52:07.779153,191.8,18.97,3.14,3.16,594.0
2026-02-19T16:52:08.789185,178.3,17.93,3.15,3.17,566.0
2026-02-19T16:52:09.790079,179.2,18.04,3.15,3.17,566.0
2026-02-19T16:52:10.803314,178.5,18.03,3.15,3.17,566.0
2026-02-19T16:52:11.808592,180.4,18.04,3.15,3.17,570.0
2026-02-19T16:52:12.815129,181.9,18.19,3.15,3.17,570.0
2026-02-19T16:52:13.821273,178.3,17.83,3.15,3.17,558.0
2026-02-19T16:52:14.827679,180.9,18.09,3.15,3.17,574.0
2026-02-19T16:52:15.830177,173.6,17.36,3.17,3.19,504.0
2026-02-19T16:52:16.840526,161.7,16.17,3.14,3.16,548.0
2026-02-19T16:52:17.847373,174.0,17.22,3.14,3.16,544.0
2026-02-19T16:52:18.849679,165.6,16.82,3.16,3.17,530.0
2026-02-19T16:52:19.858098,164.3,16.55,3.17,3.19,538.0
2026-02-19T16:52:20.864290,164.6,16.95,3.17,3.18,518.0
2026-02-19T16:52:21.871394,188.7,18.55,3.15,3.17,540.0
2026-02-19T16:52:22.877009,171.5,18.37,3.15,3.17,548.0
2026-02-19T16:52:23.882431,160.8,18.13,3.16,3.18,512.0
2026-02-19T16:52:24.886864,160.4,16.78,3.15,3.17,550.0
2026-02-19T16:52:25.896784,174.3,17.28,3.15,3.17,540.0
2026-02-19T16:52:26.899321,179.2,17.92,3.16,3.17,550.0
2026-02-19T16:52:27.908022,166.3,16.63,3.17,3.19,530.0
2026-02-19T16:52:28.915059,163.4,16.34,3.17,3.18,538.0
2026-02-19T16:52:29.919384,188.3,18.83,3.15,3.17,590.0
2026-02-19T16:52:30.924612,171.3,17.13,3.16,3.18,538.0
2026-02-19T16:52:31.932688,173.0,18.73,3.15,3.17,538.0
2026-02-19T16:52:32.938805,163.2,16.32,3.16,3.17,528.0
2026-02-19T16:52:33.941513,171.0,16.14,3.16,3.18,508.0
2026-02-19T16:52:34.953120,182.8,17.59,3.15,3.17,548.0
2026-02-19T16:52:35.958879,177.5,17.69,3.16,3.17,558.0
2026-02-19T16:52:36.965506,170.7,17.13,3.16,3.18,544.0
2026-02-19T16:52:37.971344,180.8,18.49,3.13,3.15,630.0
2026-02-19T16:52:38.973247,180.4,17.37,3.16,3.17,590.0
2026-02-19T16:52:39.981479,171.7,17.17,3.16,3.18,564.0
2026-02-19T16:52:40.990570,172.3,17.23,3.15,3.17,566.0
2026-02-19T16:52:41.990361,110.2,11.02,3.21,3.22,360.0
2026-02-19T16:52:43.002861,107.4,10.74,3.21,3.22,330.0
2026-02-19T16:52:44.008953,120.9,12.09,3.2,3.22,400.0
2026-02-19T16:52:45.013087,116.8,11.52,3.21,3.22,374.0
2026-02-19T16:52:46.017761,112.4,11.91,3.2,3.22,384.0
2026-02-19T16:52:47.024399,189.7,18.51,3.15,3.17,616.0
2026-02-19T16:52:48.027415,125.3,12.84,3.21,3.22,394.0
2026-02-19T16:52:49.037864,126.8,12.02,3.2,3.22,386.0
2026-02-19T16:52:50.045785,133.1,12.33,3.2,3.21,390.0
2026-02-19T16:52:51.044866,208.8,21.3,3.12,3.14,626.0
2026-02-19T16:52:52.052938,118.2,11.07,3.2,3.22,354.0
2026-02-19T16:52:53.064362,115.5,11.55,3.2,3.22,360.0
2026-02-19T16:52:54.069378,123.2,12.32,3.19,3.2,410.0
2026-02-19T16:52:55.075842,127.6,12.76,3.2,3.22,370.0
2026-02-19T16:52:56.079071,130.6,13.06,3.2,3.21,446.0
2026-02-19T16:52:57.089270,120.3,12.03,3.21,3.22,404.0
2026-02-19T16:52:58.093010,126.6,11.65,3.21,3.22,370.0
2026-02-19T16:52:59.097633,111.7,12.97,3.2,3.22,358.0
2026-02-19T16:53:00.107807,111.0,10.94,3.2,3.21,358.0
2026-02-19T16:53:01.110944,138.6,12.51,3.19,3.2,390.0
2026-02-19T16:53:02.116084,121.9,12.17,3.2,3.22,416.0
2026-02-19T16:53:03.126581,113.0,12.19,3.2,3.21,410.0
2026-02-19T16:53:04.127816,114.3,12.85,3.2,3.22,360.0
2026-02-19T16:53:05.139270,121.7,11.98,3.21,3.22,360.0
2026-02-19T16:53:06.139942,139.2,13.92,3.2,3.21,420.0
2026-02-19T16:53:07.148150,129.3,12.93,3.2,3.22,442.0
2026-02-19T16:53:08.157478,129.9,12.99,3.2,3.21,396.0
2026-02-19T16:53:09.157345,133.2,13.32,3.2,3.21,384.0
2026-02-19T16:53:10.168736,109.6,11.11,3.2,3.22,376.0
2026-02-19T16:53:11.176112,111.9,11.64,3.2,3.22,354.0
2026-02-19T16:53:12.173079,120.0,12.23,3.19,3.2,390.0
2026-02-19T16:53:13.187468,124.3,12.31,3.2,3.21,394.0
2026-02-19T16:53:14.190245,120.1,11.72,3.2,3.21,400.0
2026-02-19T16:53:15.199125,126.6,12.83,3.2,3.22,420.0
2026-02-19T16:53:16.206488,119.1,13.36,3.15,3.17,632.0
2026-02-19T16:53:17.209909,208.2,21.02,3.12,3.15,606.0
2026-02-19T16:53:18.218169,128.9,12.89,3.2,3.21,410.0
2026-02-19T16:53:19.223457,124.0,12.4,3.2,3.22,360.0
2026-02-19T16:53:20.230414,193.8,19.38,3.12,3.14,656.0
2026-02-19T16:53:21.236825,121.7,12.17,3.2,3.21,384.0
2026-02-19T16:53:22.242921,194.1,19.71,3.12,3.14,622.0
2026-02-19T16:53:23.243411,123.0,12.55,3.19,3.2,396.0
2026-02-19T16:53:24.256339,115.0,11.52,3.21,3.22,360.0
2026-02-19T16:53:25.255853,118.1,11.9,3.21,3.22,384.0
2026-02-19T16:53:26.267919,123.0,12.81,3.21,3.22,400.0
2026-02-19T16:53:27.272622,185.8,20.2,3.14,3.16,632.0
2026-02-19T16:53:28.276276,115.2,12.09,3.21,3.22,422.0
2026-02-19T16:53:29.287018,118.9,11.89,3.21,3.22,350.0
2026-02-19T16:53:30.289415,127.3,12.73,3.21,3.22,386.0
2026-02-19T16:53:31.299173,124.4,12.44,3.2,3.22,386.0
2026-02-19T16:53:32.305877,121.3,12.13,3.2,3.21,390.0
2026-02-19T16:53:33.306524,117.9,12.9,3.2,3.21,364.0
2026-02-19T16:53:34.314213,112.0,11.85,3.21,3.22,374.0
2026-02-19T16:53:35.322623,120.7,12.55,3.21,3.22,394.0
2026-02-19T16:53:36.329698,120.4,12.02,3.22,3.23,394.0
2026-02-19T16:53:37.338442,122.6,11.81,3.21,3.22,360.0
2026-02-19T16:53:38.343507,119.2,12.61,3.22,3.23,394.0
2026-02-19T16:53:39.340501,114.5,11.44,3.21,3.22,368.0
2026-02-19T16:53:40.354971,117.9,11.79,3.21,3.22,396.0
2026-02-19T16:53:41.358702,120.6,12.06,3.2,3.21,410.0
2026-02-19T16:53:42.363377,118.9,11.89,3.2,3.21,360.0
2026-02-19T16:53:43.373479,110.4,11.04,3.21,3.22,358.0
2026-02-19T16:53:44.379062,111.3,11.13,3.21,3.22,360.0
2026-02-19T16:53:45.385648,115.5,11.61,3.21,3.22,370.0
2026-02-19T16:53:46.389081,137.1,14.34,3.19,3.2,446.0
2026-02-19T16:53:47.394650,112.2,11.81,3.21,3.22,376.0
2026-02-19T16:53:48.405522,197.4,20.86,3.12,3.14,632.0
2026-02-19T16:53:49.408969,124.9,12.13,3.21,3.22,440.0
2026-02-19T16:53:50.417771,120.4,11.31,3.21,3.22,350.0
2026-02-19T16:53:51.424243,110.5,11.05,3.21,3.22,350.0
2026-02-19T16:53:52.428198,117.4,11.74,3.2,3.22,390.0
2026-02-19T16:53:53.436168,194.6,19.46,3.12,3.14,616.0
2026-02-19T16:53:54.442168,120.6,12.06,3.2,3.21,384.0
2026-02-19T16:53:55.446317,112.3,11.38,3.2,3.22,374.0
2026-02-19T16:53:56.454837,199.9,19.81,3.13,3.15,626.0
2026-02-19T16:53:57.460492,115.9,12.69,3.21,3.22,400.0
2026-02-19T16:53:58.463092,132.4,13.36,3.2,3.22,406.0
2026-02-19T16:53:59.473565,127.6,12.38,3.22,3.23,386.0
2026-02-19T16:54:00.476148,110.0,11.44,3.21,3.22,350.0
2026-02-19T16:54:01.485131,124.0,13.5,3.2,3.21,406.0
2026-02-19T16:54:02.488614,199.8,19.98,3.12,3.14,672.0
2026-02-19T16:54:03.491581,109.1,10.91,3.21,3.22,350.0
2026-02-19T16:54:04.504531,109.6,10.96,3.21,3.22,350.0
2026-02-19T16:54:05.509812,115.2,11.52,3.2,3.21,368.0
2026-02-19T16:54:06.516653,113.7,11.85,3.2,3.21,406.0
2026-02-19T16:54:07.523214,126.9,13.15,3.2,3.22,412.0
2026-02-19T16:54:08.525056,122.4,11.82,3.22,3.23,376.0
2026-02-19T16:54:09.535343,118.1,11.78,3.21,3.22,396.0
2026-02-19T16:54:10.538540,119.5,12.73,3.21,3.22,406.0
2026-02-19T16:54:11.547930,120.5,12.15,3.21,3.22,364.0
2026-02-19T16:54:12.554178,127.7,12.77,3.21,3.22,370.0
2026-02-19T16:54:13.555047,111.4,11.14,3.21,3.22,350.0
2026-02-19T16:54:14.565672,109.8,10.98,3.21,3.22,350.0
2026-02-19T16:54:15.570438,109.6,10.96,3.19,3.2,432.0
2026-02-19T16:54:16.571853,122.5,12.2,3.2,3.21,380.0
2026-02-19T16:54:17.579767,110.3,11.1,3.21,3.22,354.0
2026-02-19T16:54:18.590317,115.0,11.17,3.22,3.23,360.0
2026-02-19T16:54:19.589995,126.4,12.78,3.2,3.22,406.0
2026-02-19T16:54:20.604310,123.2,12.06,3.21,3.22,410.0
2026-02-19T16:54:21.609955,124.6,13.12,3.2,3.22,430.0
2026-02-19T16:54:22.608494,203.5,20.35,3.14,3.16,648.0
2026-02-19T16:54:23.619432,184.9,18.49,3.14,3.16,630.0
2026-02-19T16:54:24.619698,134.8,13.48,3.2,3.21,426.0
2026-02-19T16:54:25.631487,137.5,16.37,3.12,3.14,610.0
2026-02-19T16:54:26.639300,110.5,10.96,3.2,3.21,394.0
2026-02-19T16:54:27.645990,136.5,12.53,3.2,3.21,384.0
2026-02-19T16:54:28.649231,109.3,13.0,3.2,3.21,396.0
2026-02-19T16:54:29.657363,183.3,18.35,3.14,3.15,580.0
2026-02-19T16:54:30.663240,115.8,11.66,3.2,3.21,380.0
2026-02-19T16:54:31.671687,112.1,11.21,3.22,3.23,370.0
2026-02-19T16:54:32.676955,118.2,11.82,3.21,3.22,376.0
2026-02-19T16:54:33.684362,121.0,12.1,3.21,3.22,406.0
2026-02-19T16:54:34.688951,117.7,11.77,3.22,3.23,358.0
2026-02-19T16:54:35.695383,123.1,12.68,3.22,3.23,422.0
2026-02-19T16:54:36.702882,129.7,13.87,3.2,3.22,376.0
2026-02-19T16:54:37.707918,194.0,19.16,3.13,3.15,616.0
2026-02-19T16:54:38.707927,133.6,11.51,3.2,3.22,370.0
2026-02-19T16:54:39.720984,111.1,10.9,3.21,3.22,348.0
2026-02-19T16:54:40.723461,111.8,10.96,3.21,3.22,350.0
2026-02-19T16:54:41.730753,133.6,13.36,3.19,3.21,374.0
2026-02-19T16:54:42.737704,116.8,11.68,3.21,3.22,374.0
2026-02-19T16:54:43.737556,197.5,19.75,3.13,3.15,596.0
2026-02-19T16:54:44.748480,185.8,18.58,3.12,3.14,632.0
2026-02-19T16:54:45.758664,117.8,11.2,3.21,3.22,380.0
2026-02-19T16:54:46.761555,125.1,13.0,3.21,3.23,430.0
2026-02-19T16:54:47.770246,129.1,14.21,3.18,3.2,456.0
2026-02-19T16:54:48.771630,129.4,12.63,3.2,3.21,416.0
2026-02-19T16:54:49.783423,132.4,13.27,3.2,3.21,410.0
2026-02-19T16:54:50.788590,128.3,12.82,3.2,3.21,410.0
2026-02-19T16:54:51.794852,206.4,20.64,3.12,3.14,646.0
2026-02-19T16:54:52.795455,136.3,13.63,3.19,3.2,426.0
2026-02-19T16:54:53.808219,128.0,12.8,3.2,3.21,412.0
2026-02-19T16:54:54.813600,128.7,12.84,3.2,3.21,412.0
2026-02-19T16:54:55.821306,128.9,12.93,3.2,3.21,416.0
2026-02-19T16:54:56.826764,140.5,14.05,3.19,3.2,442.0
2026-02-19T16:54:57.832928,133.4,13.82,3.2,3.21,416.0
2026-02-19T16:54:58.837361,129.4,12.79,3.2,3.22,406.0
2026-02-19T16:54:59.844781,129.7,12.54,3.2,3.21,412.0
2026-02-19T16:55:00.851465,127.3,12.73,3.21,3.22,368.0
2026-02-19T16:55:01.853695,201.0,20.1,3.12,3.14,590.0
2026-02-19T16:55:02.863427,128.5,12.85,3.21,3.22,354.0
2026-02-19T16:55:03.869884,109.0,10.9,3.21,3.22,350.0
2026-02-19T16:55:04.870604,109.0,10.91,3.2,3.21,364.0
2026-02-19T16:55:05.881376,191.6,18.74,3.12,3.14,600.0
2026-02-19T16:55:06.888102,113.4,12.06,3.21,3.22,364.0
2026-02-19T16:55:07.892028,128.3,11.31,3.21,3.22,390.0
2026-02-19T16:55:08.893457,118.6,11.43,3.22,3.23,380.0
2026-02-19T16:55:09.907473,123.9,12.6,3.2,3.22,394.0
2026-02-19T16:55:10.906129,124.4,12.44,3.2,3.21,412.0
2026-02-19T16:55:11.918820,129.9,12.99,3.2,3.21,440.0
2026-02-19T16:55:12.920544,117.2,11.72,3.21,3.22,404.0
2026-02-19T16:55:13.928929,112.2,11.22,3.21,3.22,416.0
2026-02-19T16:55:14.936708,124.5,12.5,3.21,3.22,384.0
2026-02-19T16:55:15.937417,139.4,12.18,3.2,3.22,404.0
2026-02-19T16:55:16.950180,108.4,10.85,3.21,3.22,350.0
2026-02-19T16:55:17.957138,191.1,19.0,3.12,3.14,580.0
2026-02-19T16:55:18.963385,120.5,12.06,3.19,3.2,436.0
2026-02-19T16:55:19.968764,121.1,12.11,3.21,3.22,358.0
2026-02-19T16:55:20.971070,119.2,11.92,3.2,3.21,404.0
2026-02-19T16:55:21.981795,127.0,12.7,3.2,3.22,394.0
2026-02-19T16:55:22.979293,121.3,12.13,3.21,3.22,376.0
2026-02-19T16:55:23.989862,125.2,12.78,3.21,3.22,394.0
2026-02-19T16:55:24.994350,118.9,13.18,3.21,3.22,404.0
2026-02-19T16:55:26.003848,117.1,12.29,3.21,3.22,396.0
2026-02-19T16:55:27.006656,120.8,12.04,3.2,3.22,412.0
2026-02-19T16:55:28.018852,131.4,13.13,3.19,3.21,410.0
2026-02-19T16:55:29.025416,126.5,10.87,3.2,3.21,354.0
2026-02-19T16:55:30.029655,108.5,10.85,3.21,3.22,348.0
2026-02-19T16:55:31.036169,183.2,18.32,3.12,3.14,586.0
2026-02-19T16:55:32.043775,111.1,11.11,3.2,3.21,384.0
2026-02-19T16:55:33.046261,120.5,11.19,3.22,3.23,368.0
2026-02-19T16:55:34.053151,130.5,12.38,3.21,3.22,404.0
2026-02-19T16:55:35.056523,117.1,11.47,3.16,3.17,602.0
2026-02-19T16:55:36.067501,121.7,12.16,3.21,3.22,360.0
2026-02-19T16:55:37.073221,126.6,13.0,3.21,3.23,374.0
2026-02-19T16:55:38.079927,112.4,11.68,3.21,3.22,396.0
2026-02-19T16:55:39.087183,204.0,20.4,3.12,3.14,652.0
2026-02-19T16:55:40.090772,111.3,11.13,3.21,3.22,410.0
2026-02-19T16:55:41.090013,115.5,11.55,3.21,3.22,348.0
2026-02-19T16:55:42.105549,120.7,11.65,3.2,3.22,364.0
2026-02-19T16:55:43.110004,108.6,10.96,3.2,3.21,354.0
2026-02-19T16:55:44.112828,109.5,11.5,3.2,3.21,380.0
2026-02-19T16:55:45.120513,121.9,13.72,3.2,3.21,386.0
2026-02-19T16:55:46.127744,185.0,19.0,3.14,3.16,590.0
2026-02-19T16:55:47.136473,119.8,11.4,3.21,3.22,374.0
2026-02-19T16:55:48.136669,112.0,11.2,3.22,3.23,376.0
2026-02-19T16:55:49.147617,117.8,11.78,3.22,3.23,390.0
2026-02-19T16:55:50.153161,138.3,13.83,3.19,3.2,420.0
2026-02-19T16:55:51.160143,122.7,12.94,3.2,3.22,406.0
2026-02-19T16:55:52.160646,196.6,19.15,3.14,3.16,596.0
2026-02-19T16:55:53.170240,112.8,12.91,3.2,3.21,404.0
2026-02-19T16:55:54.180167,119.1,11.1,3.21,3.22,348.0
2026-02-19T16:55:55.186060,113.7,11.63,3.2,3.21,396.0
2026-02-19T16:55:56.192754,121.1,12.15,3.19,3.2,384.0
2026-02-19T16:55:57.189298,117.9,11.79,3.2,3.22,350.0
2026-02-19T16:55:58.202892,122.0,12.2,3.21,3.22,380.0
2026-02-19T16:55:59.207002,113.7,11.37,3.21,3.22,368.0
2026-02-19T16:56:00.216884,123.9,12.42,3.19,3.2,360.0
2026-02-19T16:56:01.222890,186.4,19.15,3.12,3.14,610.0
2026-02-19T16:56:02.228993,132.2,13.67,3.2,3.21,394.0
2026-02-19T16:56:03.235214,128.0,11.21,3.21,3.22,412.0
2026-02-19T16:56:04.235465,112.3,12.49,3.21,3.22,404.0
2026-02-19T16:56:05.247408,136.6,12.77,3.2,3.21,412.0
2026-02-19T16:56:06.252825,129.7,12.97,3.2,3.21,416.0
2026-02-19T16:56:07.259600,132.6,13.26,3.2,3.21,400.0
2026-02-19T16:56:08.265417,108.4,10.84,3.2,3.21,374.0
2026-02-19T16:56:09.270059,111.0,11.1,3.2,3.21,412.0
2026-02-19T16:56:10.276477,118.0,11.54,3.2,3.21,390.0
2026-02-19T16:56:11.285072,132.2,11.94,3.2,3.21,384.0
2026-02-19T16:56:12.286376,120.4,12.17,3.2,3.21,396.0
2026-02-19T16:56:13.295311,114.2,12.17,3.19,3.2,374.0
2026-02-19T16:56:14.302434,114.0,11.85,3.2,3.22,396.0
2026-02-19T16:56:15.304846,199.5,19.95,3.13,3.15,606.0
2026-02-19T16:56:16.316379,122.9,12.29,3.2,3.22,404.0
2026-02-19T16:56:17.319252,121.1,12.11,3.22,3.23,384.0
2026-02-19T16:56:18.323753,128.5,12.73,3.2,3.22,412.0
2026-02-19T16:56:19.334958,128.7,12.74,3.21,3.22,350.0
2026-02-19T16:56:20.335872,118.3,11.25,3.21,3.22,386.0
2026-02-19T16:56:21.343244,119.4,13.49,3.2,3.21,386.0
2026-02-19T16:56:22.353273,113.4,10.87,3.2,3.21,412.0
2026-02-19T16:56:23.355315,114.1,12.26,3.2,3.21,368.0
2026-02-19T16:56:24.359428,116.9,11.69,3.2,3.22,358.0
2026-02-19T16:56:25.368130,109.8,10.98,3.2,3.21,358.0
2026-02-19T16:56:26.374164,184.5,18.45,3.12,3.13,580.0
2026-02-19T16:56:27.384882,124.7,13.33,3.21,3.23,364.0
2026-02-19T16:56:28.390946,115.0,11.21,3.21,3.22,374.0
2026-02-19T16:56:29.396077,127.0,12.74,3.2,3.22,412.0
2026-02-19T16:56:30.402192,119.1,12.06,3.22,3.23,394.0
2026-02-19T16:56:31.408411,120.3,11.78,3.21,3.22,396.0
2026-02-19T16:56:32.408987,356.5,35.5,2.97,3.0,1016.0
2026-02-19T16:56:33.419052,123.5,12.35,3.21,3.22,370.0
2026-02-19T16:56:34.424229,121.8,12.18,3.21,3.22,368.0
2026-02-19T16:56:35.434403,108.9,12.82,3.2,3.21,396.0
2026-02-19T16:56:36.439073,112.5,10.92,3.21,3.22,348.0
2026-02-19T16:56:37.445163,111.8,11.71,3.19,3.2,370.0
2026-02-19T16:56:38.452182,108.9,10.94,3.2,3.21,380.0
2026-02-19T16:56:39.453283,122.0,12.12,3.19,3.2,384.0
2026-02-19T16:56:40.458878,110.7,11.07,3.21,3.22,354.0
2026-02-19T16:56:41.468921,189.1,18.91,3.14,3.15,594.0
2026-02-19T16:56:42.477075,189.5,18.95,3.13,3.15,600.0
2026-02-19T16:56:43.482593,123.9,12.82,3.19,3.2,406.0
2026-02-19T16:56:44.489326,345.2,33.8,2.99,3.02,1006.0
2026-02-19T16:56:45.494606,131.0,11.57,3.21,3.22,406.0
2026-02-19T16:56:46.496060,121.8,12.77,3.2,3.22,396.0
2026-02-19T16:56:47.502160,130.2,12.32,3.2,3.22,452.0
2026-02-19T16:56:48.511511,128.6,12.86,3.2,3.21,410.0
2026-02-19T16:56:49.521512,122.5,12.25,3.21,3.22,350.0
2026-02-19T16:56:50.526292,128.9,12.89,3.19,3.2,436.0
2026-02-19T16:56:51.534053,122.4,13.02,3.19,3.2,456.0
2026-02-19T16:56:52.534718,110.0,11.44,3.2,3.21,350.0
2026-02-19T16:56:53.539163,113.3,11.32,3.21,3.22,358.0
2026-02-19T16:56:54.551873,110.5,10.98,3.21,3.22,354.0
2026-02-19T16:56:55.558443,185.0,18.84,3.13,3.15,586.0
2026-02-19T16:56:56.560227,112.0,11.47,3.2,3.21,376.0
2026-02-19T16:56:57.567784,117.1,11.71,3.21,3.22,360.0
2026-02-19T16:56:58.568713,123.1,12.31,3.21,3.22,396.0
2026-02-19T16:56:59.578198,124.4,12.44,3.21,3.22,364.0
2026-02-19T16:57:00.589238,118.6,12.26,3.21,3.22,390.0
2026-02-19T16:57:01.588566,128.5,12.71,3.2,3.21,364.0
2026-02-19T16:57:02.602215,269.4,33.77,2.97,3.01,1032.0
2026-02-19T16:57:03.601665,129.1,12.85,3.2,3.21,386.0
2026-02-19T16:57:04.610504,109.7,11.4,3.2,3.22,432.0
2026-02-19T16:57:05.617961,119.3,11.93,3.2,3.22,364.0
2026-02-19T16:57:06.622456,114.4,11.44,3.2,3.22,368.0
2026-02-19T16:57:07.628164,110.4,11.04,3.21,3.22,358.0
2026-02-19T16:57:08.639031,114.2,11.42,3.2,3.21,368.0
2026-02-19T16:57:09.643916,115.1,11.61,3.21,3.22,370.0
2026-02-19T16:57:10.651030,195.2,18.78,3.14,3.16,602.0
2026-02-19T16:57:11.654929,131.7,12.67,3.21,3.22,410.0
2026-02-19T16:57:12.659165,127.3,12.61,3.2,3.21,446.0
2026-02-19T16:57:13.667725,124.7,12.4,3.21,3.22,390.0
2026-02-19T16:57:14.675275,128.7,12.87,3.2,3.21,350.0
2026-02-19T16:57:15.681592,108.8,10.88,3.21,3.22,364.0
2026-02-19T16:57:16.688822,121.7,12.17,3.2,3.21,374.0
2026-02-19T16:57:17.692693,115.7,13.57,3.19,3.2,446.0
2026-02-19T16:57:18.700558,109.5,10.87,3.22,3.23,348.0
2026-02-19T16:57:19.701495,202.2,20.21,3.1,3.12,632.0
2026-02-19T16:57:20.713518,120.0,12.1,3.19,3.2,394.0
2026-02-19T16:57:21.718181,117.4,11.82,3.2,3.21,400.0
2026-02-19T16:57:22.718778,113.5,11.46,3.2,3.22,374.0
2026-02-19T16:57:23.730180,119.5,11.95,3.2,3.22,406.0
2026-02-19T16:57:24.734249,187.1,18.71,3.14,3.16,584.0
2026-02-19T16:57:25.744178,187.8,18.78,3.13,3.15,648.0
2026-02-19T16:57:26.750047,118.4,13.19,3.21,3.23,416.0
2026-02-19T16:57:27.755717,127.0,11.14,3.21,3.22,370.0
2026-02-19T16:57:28.760418,109.4,11.38,3.21,3.22,350.0
2026-02-19T16:57:29.767613,135.0,12.44,3.2,3.21,396.0
2026-02-19T16:57:30.768029,136.4,13.65,3.18,3.2,440.0
2026-02-19T16:57:31.780829,126.5,12.66,3.2,3.21,404.0
2026-02-19T16:57:32.786484,127.9,12.79,3.2,3.21,406.0
2026-02-19T16:57:33.793761,130.6,13.06,3.2,3.21,412.0
2026-02-19T16:57:34.798796,134.5,13.45,3.18,3.19,446.0
2026-02-19T16:57:35.806735,212.2,21.22,3.11,3.13,656.0
2026-02-19T16:57:36.808774,127.7,12.82,3.2,3.21,410.0
2026-02-19T16:57:37.817231,128.6,12.87,3.2,3.21,410.0
2026-02-19T16:57:38.823219,142.2,13.52,3.19,3.21,426.0
2026-02-19T16:57:39.821136,133.4,13.94,3.19,3.21,448.0
2026-02-19T16:57:40.837606,128.2,12.49,3.2,3.21,410.0
2026-02-19T16:57:41.839178,131.2,13.12,3.19,3.21,410.0
2026-02-19T16:57:42.849558,124.5,12.45,3.21,3.22,390.0
2026-02-19T16:57:43.850646,212.0,21.2,3.11,3.13,652.0
2026-02-19T16:57:44.854683,110.1,11.01,3.2,3.22,354.0
2026-02-19T16:57:45.867293,114.1,11.16,3.2,3.21,358.0
2026-02-19T16:57:46.872894,118.9,12.33,3.18,3.2,452.0
2026-02-19T16:57:47.879050,109.9,11.04,3.21,3.22,364.0
2026-02-19T16:57:48.885128,120.3,11.61,3.21,3.22,380.0
2026-02-19T16:57:49.891916,111.9,11.54,3.21,3.22,370.0
2026-02-19T16:57:50.899523,193.4,19.34,3.14,3.16,612.0
2026-02-19T16:57:51.900078,128.0,12.8,3.2,3.22,396.0
2026-02-19T16:57:52.902700,118.1,11.81,3.21,3.22,368.0
2026-02-19T16:57:53.917332,128.6,12.86,3.13,3.14,632.0
2026-02-19T16:57:54.918500,124.6,10.96,3.2,3.21,412.0
2026-02-19T16:57:55.925532,131.9,11.73,3.2,3.21,376.0
2026-02-19T16:57:56.934033,129.0,12.56,3.2,3.22,350.0
2026-02-19T16:57:57.934395,114.6,10.9,3.2,3.21,348.0
2026-02-19T16:57:58.944766,115.2,11.42,3.19,3.2,376.0
2026-02-19T16:57:59.950449,111.9,11.93,3.18,3.2,410.0
2026-02-19T16:58:00.958625,113.7,11.37,3.2,3.21,374.0
2026-02-19T16:58:01.966692,187.1,18.71,3.13,3.15,586.0
2026-02-19T16:58:02.972578,121.7,12.17,3.2,3.22,394.0
2026-02-19T16:58:03.975338,124.3,12.26,3.21,3.22,396.0
2026-02-19T16:58:04.986235,123.0,11.94,3.21,3.22,390.0
2026-02-19T16:58:05.991775,123.0,11.88,3.21,3.22,390.0
2026-02-19T16:58:06.998282,192.3,19.29,3.14,3.16,596.0
2026-02-19T16:58:07.999754,123.9,11.42,3.21,3.22,410.0
2026-02-19T16:58:09.009635,119.2,11.72,3.2,3.22,370.0
2026-02-19T16:58:10.017646,128.6,12.86,3.2,3.21,360.0
2026-02-19T16:58:11.022755,114.0,11.4,3.2,3.21,364.0
2026-02-19T16:58:12.026289,115.3,11.53,3.2,3.21,386.0
2026-02-19T16:58:13.036002,115.2,13.32,3.19,3.2,390.0
2026-02-19T16:58:14.040618,109.7,11.81,3.2,3.22,370.0
2026-02-19T16:58:15.044188,190.9,20.01,3.11,3.13,600.0
2026-02-19T16:58:16.051941,115.7,11.67,3.21,3.22,370.0
2026-02-19T16:58:17.056266,120.7,11.74,3.2,3.22,394.0
2026-02-19T16:58:18.067118,124.2,12.42,3.2,3.22,400.0
2026-02-19T16:58:19.069374,112.1,11.21,3.21,3.22,380.0
2026-02-19T16:58:20.079207,116.7,11.67,3.21,3.22,422.0
2026-02-19T16:58:21.083489,116.5,13.2,3.21,3.22,390.0
2026-02-19T16:58:22.085962,110.5,12.22,3.21,3.22,350.0
2026-02-19T16:58:23.090964,132.1,12.29,3.2,3.22,376.0
2026-02-19T16:58:24.103369,197.2,19.59,3.12,3.14,606.0
2026-02-19T16:58:25.109307,114.5,13.07,3.2,3.22,364.0
2026-02-19T16:58:26.116535,128.4,12.84,3.2,3.21,390.0
2026-02-19T16:58:27.115617,111.1,11.11,3.21,3.22,370.0
2026-02-19T16:58:28.127639,188.0,18.8,3.13,3.15,586.0
2026-02-19T16:58:29.133563,108.9,10.98,3.19,3.2,426.0
2026-02-19T16:58:30.140612,112.2,11.22,3.21,3.22,370.0
2026-02-19T16:58:31.145654,117.8,11.94,3.2,3.22,376.0
2026-02-19T16:58:32.153820,193.3,19.56,3.12,3.14,632.0
2026-02-19T16:58:33.158611,115.7,11.89,3.2,3.22,390.0
2026-02-19T16:58:34.166065,197.1,19.71,3.12,3.14,600.0
2026-02-19T16:58:35.166420,128.3,12.83,3.2,3.21,400.0
2026-02-19T16:58:36.177169,196.7,19.67,3.14,3.16,636.0
2026-02-19T16:58:37.184350,122.1,11.55,3.21,3.22,412.0
2026-02-19T16:58:38.190228,125.7,11.03,3.21,3.22,390.0
2026-02-19T16:58:39.191363,133.5,13.04,3.2,3.22,396.0
2026-02-19T16:58:40.199209,119.3,10.92,3.2,3.21,368.0
2026-02-19T16:58:41.208209,120.1,11.95,3.21,3.22,412.0
2026-02-19T16:58:42.215889,118.2,11.82,3.2,3.21,440.0
2026-02-19T16:58:43.219619,113.7,11.37,3.2,3.21,376.0
2026-02-19T16:58:44.228210,115.7,11.57,3.2,3.21,368.0
2026-02-19T16:58:45.232532,108.9,10.91,3.2,3.21,350.0
2026-02-19T16:58:46.239002,114.5,11.61,3.21,3.22,368.0
2026-02-19T16:58:47.239617,116.5,12.31,3.2,3.21,376.0
2026-02-19T16:58:48.249329,129.5,12.35,3.2,3.21,412.0
2026-02-19T16:58:49.258193,113.5,11.18,3.21,3.22,370.0
2026-02-19T16:58:50.265867,117.7,11.77,3.21,3.22,376.0
2026-02-19T16:58:51.269593,210.8,21.08,3.12,3.14,620.0
2026-02-19T16:58:52.272693,123.9,12.39,3.21,3.22,376.0
2026-02-19T16:58:53.283689,120.9,11.83,3.21,3.22,360.0
2026-02-19T16:58:54.285402,191.3,19.92,3.13,3.15,602.0
2026-02-19T16:58:55.291637,128.7,12.77,3.2,3.21,396.0
2026-02-19T16:58:56.301262,188.5,19.85,3.13,3.15,590.0
2026-02-19T16:58:57.302272,126.2,11.97,3.21,3.22,376.0
2026-02-19T16:58:58.314814,127.1,12.71,3.21,3.22,376.0
2026-02-19T16:58:59.317744,122.0,12.2,3.2,3.22,350.0
2026-02-19T16:59:00.326235,127.0,12.7,3.2,3.21,358.0
2026-02-19T16:59:01.332278,116.6,11.16,3.2,3.21,364.0
2026-02-19T16:59:02.339130,109.8,10.88,3.2,3.21,384.0
2026-02-19T16:59:03.341860,114.2,11.42,3.19,3.2,534.0
2026-02-19T16:59:04.347366,128.4,11.94,3.19,3.2,370.0
2026-02-19T16:59:05.358081,113.2,11.32,3.2,3.22,380.0
2026-02-19T16:59:06.364766,189.1,18.91,3.14,3.15,596.0
2026-02-19T16:59:07.370105,117.5,11.75,3.19,3.2,374.0
2026-02-19T16:59:08.369459,115.1,13.06,3.2,3.21,386.0
2026-02-19T16:59:09.381851,126.3,11.23,3.21,3.22,360.0
2026-02-19T16:59:10.384963,118.6,11.93,3.21,3.22,386.0
2026-02-19T16:59:11.390687,113.7,12.75,3.2,3.21,394.0
2026-02-19T16:59:12.398765,124.7,12.47,3.21,3.22,396.0
2026-02-19T16:59:13.405618,124.2,12.42,3.21,3.22,394.0
2026-02-19T16:59:14.405761,190.7,19.07,3.2,3.22,416.0
2026-02-19T16:59:15.415393,192.7,19.27,3.14,3.16,610.0
2026-02-19T16:59:16.425128,127.7,13.14,3.21,3.22,416.0
2026-02-19T16:59:17.431965,136.0,12.75,3.21,3.22,400.0
2026-02-19T16:59:18.434373,126.1,12.07,3.21,3.22,370.0
2026-02-19T16:59:19.442409,110.4,11.04,3.21,3.22,368.0
2026-02-19T16:59:20.448414,129.2,12.92,3.2,3.21,368.0
2026-02-19T16:59:21.449319,133.8,13.23,3.2,3.21,380.0
2026-02-19T16:59:22.457540,122.5,11.05,3.2,3.22,364.0
2026-02-19T16:59:23.465255,118.0,10.88,3.2,3.21,376.0
2026-02-19T16:59:24.475386,112.5,12.35,3.2,3.21,430.0
2026-02-19T16:59:25.479535,119.4,11.72,3.19,3.2,394.0
2026-02-19T16:59:26.488223,116.4,11.64,3.2,3.21,364.0
2026-02-19T16:59:27.486171,182.3,18.23,3.14,3.15,570.0
2026-02-19T16:59:28.498514,119.3,12.46,3.2,3.22,348.0
2026-02-19T16:59:29.498843,109.3,11.98,3.2,3.21,384.0
2026-02-19T16:59:30.512107,114.4,11.52,3.2,3.21,368.0
2026-02-19T16:59:31.519100,116.1,10.9,3.2,3.21,348.0
2026-02-19T16:59:32.525141,112.2,11.22,3.2,3.22,348.0
2026-02-19T16:59:33.531836,115.6,11.56,3.2,3.21,368.0
2026-02-19T16:59:34.531990,125.3,11.54,3.21,3.22,360.0
2026-02-19T16:59:35.540880,124.7,11.58,3.2,3.22,358.0
2026-02-19T16:59:36.548703,115.3,11.75,3.19,3.2,386.0
2026-02-19T16:59:37.548537,117.3,11.72,3.19,3.2,412.0
2026-02-19T16:59:38.559650,112.8,11.28,3.2,3.21,364.0
2026-02-19T16:59:39.568802,113.1,11.31,3.21,3.22,360.0
2026-02-19T16:59:40.572212,185.5,18.55,3.13,3.15,590.0
2026-02-19T16:59:41.579633,116.5,12.31,3.2,3.21,374.0
2026-02-19T16:59:42.587827,121.2,12.55,3.2,3.21,396.0
2026-02-19T16:59:43.585758,195.0,19.35,3.14,3.16,596.0
2026-02-19T16:59:44.597839,111.9,11.19,3.22,3.23,384.0
2026-02-19T16:59:45.605995,119.1,11.91,3.21,3.22,412.0
2026-02-19T16:59:46.608351,125.3,12.53,3.2,3.22,396.0
2026-02-19T16:59:47.615746,197.8,19.95,3.13,3.15,602.0
2026-02-19T16:59:48.623858,118.2,11.25,3.21,3.22,390.0
2026-02-19T16:59:49.625903,122.6,12.46,3.2,3.22,420.0
2026-02-19T16:59:50.631538,125.0,12.5,3.2,3.21,396.0
2026-02-19T16:59:51.634509,117.8,11.78,3.21,3.22,394.0
2026-02-19T16:59:52.647448,199.2,19.92,3.12,3.14,622.0
2026-02-19T16:59:53.651092,191.7,20.71,3.13,3.15,632.0
2026-02-19T16:59:54.660241,122.7,11.81,3.21,3.22,376.0
2026-02-19T16:59:55.663818,132.8,12.14,3.2,3.22,410.0
2026-02-19T16:59:56.672035,127.8,12.31,3.21,3.22,384.0
2026-02-19T16:59:57.680029,112.2,11.22,3.2,3.21,400.0
2026-02-19T16:59:58.681152,114.6,11.46,3.2,3.22,426.0
2026-02-19T16:59:59.688500,113.7,11.25,3.2,3.22,360.0
2026-02-19T17:00:00.697535,116.9,12.51,3.21,3.22,348.0
2026-02-19T17:00:01.705221,113.7,10.88,3.2,3.21,368.0
2026-02-19T17:00:02.708211,186.1,20.15,3.12,3.14,596.0
2026-02-19T17:00:03.714289,128.6,12.86,3.19,3.2,360.0
2026-02-19T17:00:04.717923,115.1,11.51,3.2,3.22,350.0
2026-02-19T17:00:05.729867,195.7,19.57,3.12,3.14,594.0
2026-02-19T17:00:06.733438,180.2,18.03,3.12,3.14,630.0
2026-02-19T17:00:07.740003,118.8,11.48,3.2,3.21,368.0
2026-02-19T17:00:08.739684,112.0,10.9,3.2,3.21,354.0
2026-02-19T17:00:09.748134,108.7,10.86,3.21,3.22,348.0
2026-02-19T17:00:10.759298,190.9,19.09,3.12,3.14,570.0
2026-02-19T17:00:11.759772,109.8,10.98,3.19,3.2,364.0
2026-02-19T17:00:12.769260,110.4,11.08,3.2,3.21,530.0
2026-02-19T17:00:13.779012,207.6,20.71,3.11,3.13,646.0
2026-02-19T17:00:14.784751,206.6,20.57,3.11,3.13,642.0
2026-02-19T17:00:15.789883,129.3,13.31,3.19,3.2,412.0
2026-02-19T17:00:16.797822,128.9,12.89,3.2,3.21,412.0
2026-02-19T17:00:17.800440,135.3,13.53,3.19,3.2,430.0
2026-02-19T17:00:18.801625,206.9,20.64,3.11,3.13,646.0
2026-02-19T17:00:19.809614,135.4,14.27,3.18,3.2,412.0
2026-02-19T17:00:20.819128,128.4,12.89,3.19,3.2,412.0
2026-02-19T17:00:21.828087,130.1,12.98,3.2,3.21,412.0
2026-02-19T17:00:22.829649,130.5,13.05,3.2,3.21,422.0
2026-02-19T17:00:23.840264,128.9,12.89,3.19,3.2,410.0
2026-02-19T17:00:24.845757,131.5,13.15,3.19,3.2,416.0
2026-02-19T17:00:25.849244,130.3,13.03,3.19,3.21,440.0
2026-02-19T17:00:26.859410,139.4,12.32,3.2,3.22,436.0
2026-02-19T17:00:27.859709,192.4,20.47,3.12,3.14,646.0
2026-02-19T17:00:28.867960,125.8,12.46,3.21,3.22,396.0
2026-02-19T17:00:29.869317,119.3,11.93,3.21,3.22,394.0
2026-02-19T17:00:30.882843,122.3,12.23,3.21,3.22,368.0
2026-02-19T17:00:31.881015,185.2,20.48,3.13,3.15,626.0
2026-02-19T17:00:32.894537,118.5,13.8,3.18,3.2,432.0
2026-02-19T17:00:33.901862,121.5,11.14,3.2,3.21,374.0
2026-02-19T17:00:34.908646,128.4,11.29,3.21,3.22,348.0
2026-02-19T17:00:35.914829,108.8,10.88,3.2,3.21,354.0
2026-02-19T17:00:36.918446,117.8,11.78,3.2,3.21,368.0
2026-02-19T17:00:37.924534,127.6,11.54,3.2,3.21,370.0
2026-02-19T17:00:38.930146,109.6,10.92,3.21,3.22,348.0
2026-02-19T17:00:39.939309,134.2,12.09,3.2,3.21,384.0
2026-02-19T17:00:40.945518,118.8,11.33,3.2,3.21,368.0
2026-02-19T17:00:41.953173,109.2,10.92,3.2,3.21,374.0
2026-02-19T17:00:42.949502,123.7,12.37,3.19,3.2,370.0
2026-02-19T17:00:43.958996,114.4,11.44,3.18,3.2,374.0
2026-02-19T17:00:44.970558,113.8,11.57,3.2,3.21,364.0
2026-02-19T17:00:45.971644,108.4,12.16,3.2,3.21,350.0
2026-02-19T17:00:46.979352,113.9,11.36,3.2,3.22,350.0
2026-02-19T17:00:47.988218,124.3,12.43,3.2,3.21,384.0
2026-02-19T17:00:48.989776,115.2,11.52,3.2,3.21,376.0
2026-02-19T17:00:49.999012,111.0,11.1,3.2,3.22,360.0
2026-02-19T17:00:51.005077,117.6,11.47,3.2,3.22,358.0
2026-02-19T17:00:52.014746,112.7,11.17,3.21,3.22,364.0
2026-02-19T17:00:53.021143,192.4,19.97,3.12,3.14,580.0
2026-02-19T17:00:54.027891,113.8,11.48,3.2,3.21,374.0
2026-02-19T17:00:55.030708,111.8,11.18,3.21,3.22,374.0
2026-02-19T17:00:56.038909,136.6,13.66,3.17,3.19,426.0
2026-02-19T17:00:57.045719,117.2,12.37,3.2,3.22,400.0
2026-02-19T17:00:58.051951,123.4,12.85,3.2,3.22,386.0
2026-02-19T17:00:59.058635,123.5,12.56,3.2,3.22,394.0
2026-02-19T17:01:00.059915,117.2,12.72,3.2,3.22,384.0
2026-02-19T17:01:01.070796,119.3,11.85,3.21,3.22,406.0
2026-02-19T17:01:02.071948,126.9,12.69,3.21,3.22,406.0
2026-02-19T17:01:03.079801,125.5,12.55,3.21,3.22,360.0
2026-02-19T17:01:04.089367,114.4,11.69,3.21,3.22,354.0
2026-02-19T17:01:05.088905,124.4,11.9,3.21,3.22,368.0
2026-02-19T17:01:06.092914,115.2,12.64,3.2,3.22,420.0
2026-02-19T17:01:07.107815,115.5,12.47,3.21,3.22,350.0
2026-02-19T17:01:08.110243,183.5,18.35,3.14,3.15,602.0
2026-02-19T17:01:09.119166,124.5,12.45,3.21,3.22,354.0
2026-02-19T17:01:10.121926,122.1,12.21,3.2,3.21,412.0
2026-02-19T17:01:11.132057,121.2,12.01,3.2,3.21,370.0
2026-02-19T17:01:12.133478,133.3,12.08,3.2,3.21,406.0
2026-02-19T17:01:13.139949,109.6,11.76,3.2,3.22,348.0
2026-02-19T17:01:14.150268,108.8,10.84,3.2,3.21,348.0
2026-02-19T17:01:15.147799,108.4,10.84,3.2,3.21,394.0
2026-02-19T17:01:16.164127,117.1,11.71,3.2,3.21,358.0
2026-02-19T17:01:17.160692,108.3,10.86,3.2,3.21,354.0
2026-02-19T17:01:18.176470,113.9,11.12,3.2,3.21,358.0
2026-02-19T17:01:19.177904,116.2,11.7,3.2,3.21,380.0
2026-02-19T17:01:20.179338,126.0,11.86,3.2,3.22,368.0
2026-02-19T17:01:21.190934,112.8,11.78,3.2,3.21,380.0
2026-02-19T17:01:22.199703,112.5,11.25,3.21,3.22,374.0
2026-02-19T17:01:23.202290,127.8,12.78,3.2,3.22,410.0
2026-02-19T17:01:24.213675,118.7,11.87,3.21,3.22,386.0
2026-02-19T17:01:25.219544,124.4,12.51,3.2,3.21,386.0
2026-02-19T17:01:26.220096,123.3,11.21,3.21,3.22,390.0
2026-02-19T17:01:27.231086,123.3,12.06,3.21,3.22,406.0
2026-02-19T17:01:28.230686,124.9,13.83,3.2,3.21,422.0
2026-02-19T17:01:29.241939,185.1,18.51,3.14,3.15,612.0
2026-02-19T17:01:30.249369,121.9,12.19,3.21,3.22,350.0
2026-02-19T17:01:31.248097,119.1,12.26,3.21,3.22,410.0
2026-02-19T17:01:32.259024,124.9,13.32,3.2,3.21,390.0
2026-02-19T17:01:33.259758,198.0,19.38,3.12,3.14,504.0
2026-02-19T17:01:34.266798,115.3,12.08,3.2,3.22,364.0
2026-02-19T17:01:35.280166,130.6,11.48,3.2,3.21,370.0
2026-02-19T17:01:36.287586,108.9,10.89,3.2,3.21,368.0
2026-02-19T17:01:37.292024,116.5,11.65,3.21,3.22,348.0
2026-02-19T17:01:38.300566,115.5,11.55,3.2,3.22,348.0
2026-02-19T17:01:39.299722,113.7,10.85,3.2,3.21,348.0
2026-02-19T17:01:40.312787,108.4,10.89,3.19,3.2,358.0
2026-02-19T17:01:41.317724,114.3,11.93,3.19,3.2,380.0
2026-02-19T17:01:42.320346,111.7,11.14,3.2,3.21,358.0
2026-02-19T17:01:43.328851,111.9,11.19,3.21,3.22,360.0
2026-02-19T17:01:44.328544,194.2,19.42,3.12,3.14,602.0
2026-02-19T17:01:45.338979,115.3,11.43,3.2,3.22,400.0
2026-02-19T17:01:46.348060,116.1,11.64,3.21,3.22,360.0
2026-02-19T17:01:47.351819,125.7,11.19,3.21,3.22,384.0
2026-02-19T17:01:48.358486,115.3,12.18,3.21,3.22,394.0
2026-02-19T17:01:49.367423,123.7,12.37,3.21,3.22,386.0
2026-02-19T17:01:50.371622,118.1,11.81,3.2,3.22,410.0
2026-02-19T17:01:51.379049,202.4,20.24,3.12,3.14,616.0
2026-02-19T17:01:52.379408,113.3,11.83,3.21,3.22,406.0
2026-02-19T17:01:53.388713,129.5,13.74,3.2,3.21,386.0
2026-02-19T17:01:54.398379,130.1,13.38,3.2,3.22,412.0
2026-02-19T17:01:55.397990,110.6,12.13,3.2,3.22,364.0
2026-02-19T17:01:56.410050,110.0,11.0,3.21,3.22,368.0
2026-02-19T17:01:57.416101,113.4,11.34,3.2,3.22,410.0
2026-02-19T17:01:58.424106,120.3,12.03,3.21,3.22,348.0
2026-02-19T17:01:59.423676,125.2,13.48,3.2,3.22,364.0
2026-02-19T17:02:00.429464,120.8,11.64,3.2,3.21,390.0
2026-02-19T17:02:01.442826,109.8,12.02,3.2,3.21,370.0
2026-02-19T17:02:02.441168,185.7,20.39,3.12,3.14,590.0
2026-02-19T17:02:03.454121,113.2,11.32,3.19,3.2,374.0
2026-02-19T17:02:04.460942,117.4,11.74,3.21,3.22,348.0
2026-02-19T17:02:05.463195,108.8,10.88,3.19,3.2,374.0
2026-02-19T17:02:06.469806,116.9,12.14,3.21,3.22,348.0
2026-02-19T17:02:07.480144,120.6,12.29,3.2,3.21,396.0
2026-02-19T17:02:08.479164,108.4,10.87,3.21,3.22,348.0
2026-02-19T17:02:09.488168,108.6,10.86,3.2,3.21,350.0
2026-02-19T17:02:10.496584,182.7,18.27,3.12,3.13,596.0
2026-02-19T17:02:11.503711,110.2,11.02,3.2,3.21,358.0
2026-02-19T17:02:12.511104,114.2,11.21,3.2,3.22,360.0
2026-02-19T17:02:13.516176,118.7,12.59,3.19,3.2,390.0
2026-02-19T17:02:14.521919,111.9,11.26,3.2,3.22,364.0
2026-02-19T17:02:15.525288,187.6,18.72,3.13,3.15,586.0
2026-02-19T17:02:16.529051,119.5,11.95,3.19,3.2,374.0
2026-02-19T17:02:17.539257,120.6,12.06,3.2,3.22,390.0
2026-02-19T17:02:18.546865,117.5,12.59,3.19,3.2,386.0
2026-02-19T17:02:19.552939,123.2,12.38,3.2,3.22,406.0
2026-02-19T17:02:20.554080,118.2,12.39,3.2,3.21,376.0
2026-02-19T17:02:21.561286,117.9,11.19,3.21,3.22,384.0
2026-02-19T17:02:22.570044,119.4,11.94,3.21,3.22,384.0
2026-02-19T17:02:23.579198,120.4,12.04,3.2,3.21,400.0
2026-02-19T17:02:24.579109,112.2,12.13,3.2,3.22,374.0
2026-02-19T17:02:25.590904,117.8,11.7,3.21,3.22,380.0
2026-02-19T17:02:26.590812,120.9,11.76,3.21,3.22,400.0
2026-02-19T17:02:27.602892,121.5,12.45,3.21,3.22,364.0
2026-02-19T17:02:28.609014,115.3,11.53,3.21,3.22,380.0
2026-02-19T17:02:29.616473,125.9,12.59,3.21,3.22,370.0
2026-02-19T17:02:30.620539,121.0,12.31,3.21,3.22,380.0
2026-02-19T17:02:31.628917,119.5,12.75,3.2,3.22,370.0
2026-02-19T17:02:32.629752,124.7,11.28,3.21,3.22,410.0
2026-02-19T17:02:33.639847,128.3,12.84,3.2,3.22,400.0
2026-02-19T17:02:34.646211,119.3,11.93,3.21,3.22,404.0
2026-02-19T17:02:35.652254,123.1,12.31,3.2,3.22,410.0
2026-02-19T17:02:36.659609,128.3,12.88,3.2,3.21,412.0
2026-02-19T17:02:37.658353,114.3,11.95,3.21,3.22,344.0
2026-02-19T17:02:38.672154,122.0,11.14,3.21,3.22,384.0
2026-02-19T17:02:39.669559,115.2,11.52,3.21,3.22,396.0
2026-02-19T17:02:40.684424,121.3,12.13,3.21,3.22,364.0
2026-02-19T17:02:41.689434,128.4,12.84,3.2,3.22,350.0
2026-02-19T17:02:42.687756,146.2,11.95,3.2,3.22,374.0
2026-02-19T17:02:43.700302,118.6,11.45,3.2,3.22,404.0
2026-02-19T17:02:44.709723,115.4,13.0,3.2,3.22,368.0
2026-02-19T17:02:45.715480,118.7,11.87,3.2,3.22,376.0
2026-02-19T17:02:46.720015,196.5,19.65,3.13,3.15,594.0
2026-02-19T17:02:47.728074,111.6,11.16,3.2,3.22,404.0
2026-02-19T17:02:48.729118,111.2,12.58,3.2,3.21,370.0
2026-02-19T17:02:49.733829,132.2,13.25,3.2,3.22,374.0
2026-02-19T17:02:50.739275,108.6,11.62,3.2,3.22,364.0
2026-02-19T17:02:51.750907,185.0,18.5,3.13,3.15,570.0
2026-02-19T17:02:52.749905,113.9,11.39,3.2,3.21,426.0
2026-02-19T17:02:53.761333,125.5,10.88,3.2,3.21,364.0
2026-02-19T17:02:54.771309,108.7,11.57,3.2,3.21,368.0
2026-02-19T17:02:55.777278,119.8,11.3,3.2,3.22,358.0
2026-02-19T17:02:56.780481,135.3,13.82,3.19,3.21,422.0
2026-02-19T17:02:57.789677,133.6,13.36,3.19,3.21,420.0
2026-02-19T17:02:58.796035,128.2,12.82,3.19,3.2,406.0
2026-02-19T17:02:59.801431,127.6,12.73,3.19,3.2,406.0
2026-02-19T17:03:00.806725,127.8,13.09,3.19,3.2,412.0
2026-02-19T17:03:01.809157,134.0,12.94,3.19,3.2,406.0
2026-02-19T17:03:02.820233,127.4,12.74,3.19,3.2,422.0
2026-02-19T17:03:03.825679,128.0,12.8,3.19,3.2,406.0
2026-02-19T17:03:04.830692,212.9,21.62,3.11,3.13,648.0
2026-02-19T17:03:05.838444,192.2,13.49,3.18,3.2,422.0
2026-02-19T17:03:06.841264,127.6,12.71,3.19,3.2,406.0
2026-02-19T17:03:07.842519,129.4,12.85,3.19,3.2,412.0
2026-02-19T17:03:08.857096,115.4,11.54,3.2,3.22,348.0
2026-02-19T17:03:09.863113,114.1,11.41,3.2,3.21,374.0
2026-02-19T17:03:10.868989,128.9,11.2,3.2,3.22,350.0
2026-02-19T17:03:11.871481,182.7,18.57,3.13,3.15,558.0
2026-02-19T17:03:12.880069,122.4,12.35,3.2,3.22,364.0
2026-02-19T17:03:13.887918,114.2,11.42,3.2,3.21,396.0
2026-02-19T17:03:14.895362,121.4,12.14,3.2,3.22,348.0
2026-02-19T17:03:15.900156,127.1,12.71,3.2,3.21,374.0
2026-02-19T17:03:16.903420,123.0,12.05,3.2,3.21,384.0
2026-02-19T17:03:17.913462,108.5,10.9,3.2,3.21,396.0
2026-02-19T17:03:18.915712,108.3,12.51,3.2,3.21,376.0
2026-02-19T17:03:19.920234,113.7,11.37,3.2,3.21,370.0
2026-02-19T17:03:20.927339,114.6,11.46,3.21,3.22,348.0
2026-02-19T17:03:21.938801,108.7,11.12,3.19,3.2,426.0
2026-02-19T17:03:22.942968,113.8,11.51,3.2,3.22,364.0
2026-02-19T17:03:23.947249,193.3,18.11,3.13,3.15,574.0
2026-02-19T17:03:24.956179,111.0,11.1,3.21,3.22,348.0
2026-02-19T17:03:25.960601,122.0,12.2,3.2,3.21,380.0
2026-02-19T17:03:26.968228,188.2,18.82,3.11,3.13,586.0
2026-02-19T17:03:27.970490,123.3,10.85,3.2,3.21,350.0
2026-02-19T17:03:28.979810,198.7,19.04,3.12,3.14,580.0
2026-02-19T17:03:29.986966,110.9,11.65,3.2,3.21,370.0
2026-02-19T17:03:30.992869,108.7,10.87,3.2,3.21,350.0
2026-02-19T17:03:31.999380,125.8,12.58,3.2,3.21,380.0
2026-02-19T17:03:33.000291,111.5,11.02,3.2,3.22,348.0
2026-02-19T17:03:34.013639,186.9,18.17,3.13,3.15,566.0
2026-02-19T17:03:35.018176,113.9,11.85,3.18,3.19,430.0
2026-02-19T17:03:36.019078,115.2,11.52,3.2,3.21,364.0
2026-02-19T17:03:37.030332,108.6,10.86,3.2,3.21,348.0
2026-02-19T17:03:38.036800,108.5,10.85,3.19,3.2,364.0
2026-02-19T17:03:39.043016,191.9,18.96,3.12,3.14,580.0
2026-02-19T17:03:40.050536,111.6,11.8,3.2,3.21,364.0
2026-02-19T17:03:41.052999,109.6,10.87,3.2,3.21,348.0
2026-02-19T17:03:42.059019,184.0,18.4,3.12,3.13,576.0
2026-02-19T17:03:43.061348,115.6,11.56,3.2,3.22,364.0
2026-02-19T17:03:44.074594,111.6,11.16,3.2,3.21,358.0
2026-02-19T17:03:45.079531,124.0,11.38,3.2,3.21,358.0
2026-02-19T17:03:46.085726,108.9,10.89,3.19,3.2,354.0
2026-02-19T17:03:47.091209,117.5,11.25,3.2,3.22,350.0
2026-02-19T17:03:48.098739,113.4,11.34,3.19,3.2,420.0
2026-02-19T17:03:49.099874,112.1,11.21,3.2,3.22,360.0
2026-02-19T17:03:50.111409,115.4,11.13,3.21,3.22,360.0
2026-02-19T17:03:51.118614,110.0,11.06,3.21,3.22,358.0
2026-02-19T17:03:52.121204,188.6,11.23,3.21,3.22,360.0
2026-02-19T17:03:53.128532,113.7,11.37,3.2,3.22,360.0
2026-02-19T17:03:54.135435,119.7,11.97,3.2,3.21,368.0
2026-02-19T17:03:55.140336,113.4,11.34,3.21,3.22,394.0
2026-02-19T17:03:56.144034,111.6,11.36,3.2,3.21,384.0
2026-02-19T17:03:57.146139,115.5,11.65,3.2,3.22,376.0
2026-02-19T17:03:58.158529,129.9,11.78,3.2,3.21,376.0
2026-02-19T17:03:59.160550,114.5,11.45,3.2,3.21,358.0
2026-02-19T17:04:00.169769,114.8,11.48,3.2,3.21,370.0
2026-02-19T17:04:01.174477,117.7,11.77,3.19,3.2,390.0
2026-02-19T17:04:02.186652,117.7,11.47,3.21,3.22,384.0
2026-02-19T17:04:03.189221,117.5,11.61,3.21,3.22,386.0
2026-02-19T17:04:04.199144,117.4,12.49,3.2,3.22,376.0
2026-02-19T17:04:05.201210,184.4,18.44,3.14,3.15,612.0
2026-02-19T17:04:06.211328,116.5,11.65,3.2,3.22,376.0
2026-02-19T17:04:07.210268,111.6,11.82,3.2,3.22,358.0
2026-02-19T17:04:08.222229,116.3,11.33,3.21,3.22,360.0
2026-02-19T17:04:09.226992,112.1,11.76,3.19,3.2,380.0
2026-02-19T17:04:10.230047,119.8,12.83,3.2,3.21,368.0
2026-02-19T17:04:11.239207,197.0,19.7,3.12,3.14,610.0
2026-02-19T17:04:12.247516,117.2,11.72,3.19,3.2,394.0
2026-02-19T17:04:13.253348,116.3,11.74,3.21,3.22,380.0
2026-02-19T17:04:14.258833,196.7,20.1,3.11,3.13,638.0
2026-02-19T17:04:15.261908,118.5,11.91,3.2,3.22,400.0
2026-02-19T17:04:16.270447,112.2,11.22,3.21,3.22,374.0
2026-02-19T17:04:17.279207,113.4,11.34,3.2,3.22,406.0
2026-02-19T17:04:18.283849,187.7,19.57,3.13,3.15,600.0
2026-02-19T17:04:19.291613,117.6,12.01,3.2,3.21,376.0
2026-02-19T17:04:20.298043,112.3,11.8,3.2,3.22,360.0
2026-02-19T17:04:21.300443,185.9,18.59,3.14,3.15,576.0
2026-02-19T17:04:22.309073,117.8,11.78,3.19,3.2,384.0
2026-02-19T17:04:23.316875,117.2,11.2,3.21,3.22,384.0
2026-02-19T17:04:24.319863,117.9,11.78,3.2,3.22,360.0
2026-02-19T17:04:25.323017,117.7,11.99,3.2,3.22,386.0
2026-02-19T17:04:26.335216,116.8,11.21,3.21,3.22,380.0
2026-02-19T17:04:27.338571,124.3,12.43,3.2,3.21,380.0
2026-02-19T17:04:28.341545,115.4,11.54,3.21,3.22,390.0
2026-02-19T17:04:29.351564,115.6,12.03,3.2,3.22,394.0
2026-02-19T17:04:30.359686,112.1,11.97,3.2,3.21,400.0
2026-02-19T17:04:31.359747,114.8,12.01,3.21,3.22,368.0
2026-02-19T17:04:32.372683,191.5,18.85,3.19,3.21,390.0
2026-02-19T17:04:33.378029,199.5,19.95,3.12,3.14,596.0
2026-02-19T17:04:34.380541,112.5,11.25,3.21,3.22,360.0
2026-02-19T17:04:35.389535,124.5,12.03,3.21,3.22,384.0
2026-02-19T17:04:36.393637,121.7,12.06,3.2,3.22,394.0
2026-02-19T17:04:37.401374,121.1,12.12,3.21,3.22,390.0
2026-02-19T17:04:38.407566,123.2,12.32,3.21,3.22,396.0
2026-02-19T17:04:39.414863,112.1,11.21,3.21,3.22,390.0
2026-02-19T17:04:40.420284,131.5,13.15,3.21,3.22,396.0
2026-02-19T17:04:41.420523,120.0,12.62,3.2,3.21,404.0
2026-02-19T17:04:42.430862,120.2,12.22,3.2,3.22,396.0
2026-02-19T17:04:43.436859,116.7,12.6,3.2,3.21,404.0
2026-02-19T17:04:44.440647,128.2,12.82,3.2,3.22,396.0
2026-02-19T17:04:45.449910,125.4,12.54,3.2,3.22,380.0
2026-02-19T17:04:46.455174,129.0,11.36,3.2,3.22,436.0
2026-02-19T17:04:47.464534,114.6,11.73,3.21,3.22,380.0
2026-02-19T17:04:48.471149,126.6,12.33,3.21,3.22,358.0
2026-02-19T17:04:49.473226,120.2,11.2,3.21,3.22,406.0
2026-02-19T17:04:50.482232,140.2,14.02,3.19,3.2,374.0
2026-02-19T17:04:51.488733,123.1,12.31,3.19,3.2,432.0
2026-02-19T17:04:52.495896,118.8,11.97,3.21,3.22,380.0
2026-02-19T17:04:53.501167,127.5,12.22,3.21,3.22,406.0
2026-02-19T17:04:54.506062,116.7,12.22,3.21,3.22,364.0
2026-02-19T17:04:55.514732,124.7,12.47,3.2,3.22,370.0
2026-02-19T17:04:56.515255,128.7,12.87,3.2,3.21,404.0
2026-02-19T17:04:57.523498,122.5,12.25,3.2,3.22,384.0
2026-02-19T17:04:58.530811,113.7,12.46,3.2,3.22,374.0
2026-02-19T17:04:59.540194,129.4,11.65,3.2,3.22,426.0
2026-02-19T17:05:00.545869,118.5,11.48,3.2,3.22,396.0
2026-02-19T17:05:01.551489,192.3,19.23,3.13,3.15,570.0
2026-02-19T17:05:02.549422,116.9,11.69,3.19,3.2,426.0
2026-02-19T17:05:03.560722,128.6,12.44,3.2,3.21,380.0
2026-02-19T17:05:04.569616,114.8,12.76,3.2,3.21,386.0
2026-02-19T17:05:05.570357,186.4,18.68,3.13,3.15,576.0
2026-02-19T17:05:06.580555,130.9,11.64,3.2,3.21,416.0
2026-02-19T17:05:07.588778,119.1,11.91,3.2,3.22,374.0
2026-02-19T17:05:08.589636,118.2,11.82,3.2,3.21,400.0
2026-02-19T17:05:09.601868,200.1,19.83,3.13,3.15,610.0
2026-02-19T17:05:10.600680,118.0,11.09,3.2,3.22,376.0
2026-02-19T17:05:11.614190,120.3,12.72,3.2,3.22,368.0
2026-02-19T17:05:12.616354,109.3,10.93,3.2,3.21,412.0
2026-02-19T17:05:13.625390,189.4,18.94,3.12,3.14,612.0
2026-02-19T17:05:14.630303,124.0,11.41,3.2,3.21,394.0
2026-02-19T17:05:15.631535,110.1,12.52,3.2,3.22,380.0
2026-02-19T17:05:16.642467,133.8,12.65,3.2,3.21,370.0
2026-02-19T17:05:17.651529,132.3,13.23,3.2,3.21,394.0
2026-02-19T17:05:18.656030,120.4,12.04,3.2,3.22,358.0
2026-02-19T17:05:19.659934,118.7,11.87,3.2,3.22,368.0
2026-02-19T17:05:20.669745,117.4,12.24,3.21,3.22,416.0
2026-02-19T17:05:21.673759,115.0,11.59,3.2,3.21,406.0
2026-02-19T17:05:22.681937,127.2,13.03,3.2,3.22,358.0
2026-02-19T17:05:23.685299,109.8,10.98,3.2,3.21,360.0
2026-02-19T17:05:24.690188,119.6,11.96,3.2,3.22,376.0
2026-02-19T17:05:25.701136,112.3,13.16,3.19,3.21,410.0
2026-02-19T17:05:26.706388,118.4,12.2,3.2,3.22,348.0
2026-02-19T17:05:27.713356,121.8,11.78,3.2,3.22,394.0
2026-02-19T17:05:28.715576,122.1,12.21,3.2,3.22,364.0
2026-02-19T17:05:29.722551,120.7,12.07,3.2,3.22,350.0
2026-02-19T17:05:30.731025,209.4,19.99,3.13,3.15,580.0
2026-02-19T17:05:31.729572,126.5,10.97,3.2,3.21,404.0
2026-02-19T17:05:32.741139,124.9,11.58,3.2,3.22,396.0
2026-02-19T17:05:33.749009,120.2,12.02,3.21,3.22,426.0
2026-02-19T17:05:34.756726,206.6,20.66,3.12,3.14,630.0
2026-02-19T17:05:35.759825,129.4,12.46,3.21,3.22,390.0
2026-02-19T17:05:36.759410,111.3,12.19,3.21,3.22,354.0
2026-02-19T17:05:37.775743,123.1,11.77,3.2,3.22,386.0
2026-02-19T17:05:38.777674,139.6,13.96,3.18,3.2,432.0
2026-02-19T17:05:39.779236,126.7,12.67,3.19,3.2,412.0
2026-02-19T17:05:40.789959,128.5,12.97,3.19,3.2,410.0
2026-02-19T17:05:41.799034,207.2,20.75,3.11,3.13,648.0
2026-02-19T17:05:42.799533,139.2,13.55,3.18,3.19,452.0
2026-02-19T17:05:43.812529,128.4,12.84,3.19,3.2,410.0
2026-02-19T17:05:44.815799,127.9,12.79,3.19,3.2,412.0
2026-02-19T17:05:45.823117,132.0,13.2,3.19,3.21,410.0
2026-02-19T17:05:46.830018,134.7,14.33,3.18,3.19,426.0
2026-02-19T17:05:47.830431,128.6,13.53,3.18,3.2,442.0
2026-02-19T17:05:48.839907,128.3,12.76,3.19,3.2,410.0
2026-02-19T17:05:49.847004,130.7,13.07,3.19,3.21,420.0
2026-02-19T17:05:50.849494,134.8,13.48,3.18,3.2,440.0
2026-02-19T17:05:51.853311,202.8,20.31,3.12,3.14,620.0
2026-02-19T17:05:52.864204,119.1,11.76,3.2,3.22,396.0
2026-02-19T17:05:53.868754,114.0,11.91,3.21,3.22,384.0
2026-02-19T17:05:54.880807,112.2,11.22,3.21,3.22,400.0
2026-02-19T17:05:55.887110,117.7,11.77,3.2,3.22,376.0
2026-02-19T17:05:56.887501,119.0,12.51,3.2,3.21,376.0
2026-02-19T17:05:57.899805,112.0,12.72,3.2,3.22,364.0
2026-02-19T17:05:58.900987,120.4,12.06,3.21,3.22,358.0
2026-02-19T17:05:59.911470,121.5,12.15,3.2,3.21,380.0
2026-02-19T17:06:00.910246,119.7,11.97,3.2,3.22,358.0
2026-02-19T17:06:01.924535,119.8,12.62,3.2,3.22,386.0
2026-02-19T17:06:02.929184,117.1,11.61,3.21,3.22,396.0
2026-02-19T17:06:03.936851,112.2,11.74,3.21,3.22,380.0
2026-02-19T17:06:04.937793,125.3,12.53,3.19,3.2,404.0
2026-02-19T17:06:05.942150,113.7,11.37,3.2,3.22,400.0
2026-02-19T17:06:06.948353,115.2,11.7,3.21,3.22,380.0
2026-02-19T17:06:07.957313,193.4,19.31,3.11,3.13,610.0
2026-02-19T17:06:08.967803,184.1,18.63,3.12,3.14,576.0
2026-02-19T17:06:09.970590,112.5,11.25,3.2,3.22,370.0
2026-02-19T17:06:10.976599,179.3,17.93,3.2,3.22,368.0
2026-02-19T17:06:11.979275,110.8,11.1,3.21,3.22,360.0
2026-02-19T17:06:12.988448,121.0,11.8,3.2,3.21,358.0
2026-02-19T17:06:13.989132,114.4,11.71,3.2,3.21,394.0
2026-02-19T17:06:15.004567,108.8,10.88,3.2,3.21,350.0
2026-02-19T17:06:16.006704,108.4,10.84,3.19,3.2,368.0
2026-02-19T17:06:17.017506,114.3,11.38,3.19,3.2,390.0
2026-02-19T17:06:18.022010,132.6,12.07,3.2,3.21,344.0
2026-02-19T17:06:19.028613,120.2,12.02,3.19,3.2,386.0
2026-02-19T17:06:20.030572,109.8,10.98,3.2,3.21,348.0
2026-02-19T17:06:21.041948,108.8,12.69,3.19,3.2,394.0
2026-02-19T17:06:22.048033,112.0,12.27,3.2,3.22,368.0
2026-02-19T17:06:23.054022,109.7,11.38,3.19,3.2,364.0
2026-02-19T17:06:24.059344,113.2,11.32,3.2,3.21,350.0
2026-02-19T17:06:25.065825,201.2,20.12,3.12,3.14,586.0
2026-02-19T17:06:26.071612,134.6,12.46,3.2,3.22,380.0
2026-02-19T17:06:27.078748,128.2,11.92,3.2,3.21,400.0
2026-02-19T17:06:28.084410,126.5,11.48,3.2,3.22,376.0
2026-02-19T17:06:29.089297,109.2,10.92,3.2,3.21,394.0
2026-02-19T17:06:30.096537,120.9,13.59,3.2,3.22,364.0
2026-02-19T17:06:31.102717,127.4,13.39,3.2,3.22,390.0
2026-02-19T17:06:32.109724,119.1,11.97,3.2,3.22,360.0
2026-02-19T17:06:33.116683,117.3,11.73,3.2,3.22,406.0
2026-02-19T17:06:34.121366,127.0,12.7,3.21,3.22,404.0
2026-02-19T17:06:35.127800,126.4,12.27,3.21,3.22,386.0
2026-02-19T17:06:36.133956,117.7,12.27,3.21,3.22,380.0
2026-02-19T17:06:37.141253,117.4,11.87,3.21,3.22,400.0
2026-02-19T17:06:38.143201,120.6,12.06,3.21,3.22,390.0
2026-02-19T17:06:39.149153,121.7,12.17,3.2,3.21,400.0
2026-02-19T17:06:40.159746,191.7,19.34,3.13,3.15,612.0
2026-02-19T17:06:41.156312,125.5,11.75,3.2,3.22,376.0
2026-02-19T17:06:42.170448,116.5,11.65,3.2,3.21,376.0
2026-02-19T17:06:43.177687,120.1,12.01,3.2,3.21,374.0
2026-02-19T17:06:44.183580,122.2,12.31,3.2,3.22,412.0
2026-02-19T17:06:45.189761,112.0,11.15,3.21,3.22,368.0
2026-02-19T17:06:46.188822,111.1,11.44,3.2,3.21,360.0
2026-02-19T17:06:47.199852,118.7,11.87,3.19,3.2,374.0
2026-02-19T17:06:48.204285,113.7,11.37,3.2,3.21,354.0
2026-02-19T17:06:49.215771,115.2,12.14,3.19,3.2,380.0
2026-02-19T17:06:50.221813,109.3,10.87,3.18,3.19,380.0
2026-02-19T17:06:51.222571,179.9,17.99,3.12,3.14,574.0
2026-02-19T17:06:52.227913,113.8,11.38,3.2,3.21,364.0
2026-02-19T17:06:53.238627,114.0,11.68,3.2,3.21,430.0
2026-02-19T17:06:54.245604,118.9,12.49,3.18,3.2,390.0
2026-02-19T17:06:55.250781,181.9,19.21,3.12,3.14,594.0
2026-02-19T17:06:56.254840,200.6,20.06,3.12,3.14,584.0
2026-02-19T17:06:57.261219,129.7,12.97,3.2,3.21,390.0
2026-02-19T17:06:58.266928,112.1,10.88,3.2,3.21,400.0
2026-02-19T17:06:59.276564,188.3,18.67,3.13,3.15,596.0
2026-02-19T17:07:00.276904,128.8,12.52,3.2,3.22,400.0
2026-02-19T17:07:01.281913,127.6,12.76,3.2,3.22,376.0
2026-02-19T17:07:02.289087,201.5,18.93,3.12,3.14,646.0
2026-02-19T17:07:03.298714,121.2,12.83,3.19,3.2,406.0
2026-02-19T17:07:04.299669,122.1,11.85,3.2,3.22,380.0
2026-02-19T17:07:05.308969,129.3,12.93,3.2,3.21,442.0
2026-02-19T17:07:06.319274,127.2,12.72,3.2,3.21,410.0
2026-02-19T17:07:07.319434,122.0,12.06,3.2,3.21,400.0
2026-02-19T17:07:08.333502,118.9,11.76,3.2,3.21,360.0
2026-02-19T17:07:09.339589,117.1,11.71,3.2,3.22,380.0
2026-02-19T17:07:10.336973,118.2,11.82,3.19,3.2,384.0
2026-02-19T17:07:11.351734,114.1,11.46,3.2,3.21,370.0
2026-02-19T17:07:12.351278,112.1,11.27,3.2,3.22,364.0
2026-02-19T17:07:13.363510,111.9,11.5,3.19,3.2,364.0
2026-02-19T17:07:14.371664,109.7,10.97,3.2,3.21,354.0
2026-02-19T17:07:15.370095,116.8,11.68,3.19,3.2,364.0
2026-02-19T17:07:16.380421,109.2,11.69,3.19,3.2,370.0
2026-02-19T17:07:17.389193,116.7,11.96,3.18,3.19,396.0
2026-02-19T17:07:18.388814,114.5,11.45,3.18,3.19,376.0
2026-02-19T17:07:19.401559,108.9,10.89,3.19,3.2,348.0
2026-02-19T17:07:20.398332,187.0,11.78,3.18,3.2,350.0
2026-02-19T17:07:21.405591,121.3,11.52,3.18,3.19,350.0
2026-02-19T17:07:22.419522,117.5,11.3,3.18,3.19,354.0
2026-02-19T17:07:23.426706,122.6,12.26,3.18,3.19,380.0
2026-02-19T17:07:24.432784,122.1,12.64,3.17,3.18,390.0
2026-02-19T17:07:25.431796,119.6,11.74,3.18,3.2,390.0
2026-02-19T17:07:26.445147,124.6,12.56,3.18,3.19,370.0
2026-02-19T17:07:27.451091,118.1,11.81,3.18,3.2,386.0
2026-02-19T17:07:28.450648,114.1,11.41,3.18,3.19,376.0
2026-02-19T17:07:29.463684,122.2,12.04,3.17,3.18,386.0
2026-02-19T17:07:30.468787,117.2,11.9,3.17,3.18,358.0
2026-02-19T17:07:31.474758,121.4,12.14,3.18,3.19,360.0
2026-02-19T17:07:32.480611,116.9,11.69,3.16,3.18,384.0
2026-02-19T17:07:33.486306,113.1,11.49,3.17,3.18,360.0
2026-02-19T17:07:34.489338,115.0,11.23,3.18,3.19,358.0
2026-02-19T17:07:35.491375,189.7,18.97,3.08,3.09,576.0
2026-02-19T17:07:36.500244,117.0,11.7,3.16,3.17,364.0
2026-02-19T17:07:37.509211,122.2,12.1,3.16,3.18,348.0
2026-02-19T17:07:38.519325,114.8,11.77,3.18,3.19,380.0
2026-02-19T17:07:39.525534,120.5,11.49,3.17,3.18,344.0
2026-02-19T17:07:40.528078,108.2,10.82,3.17,3.18,350.0
2026-02-19T17:07:41.537447,109.2,10.86,3.17,3.18,384.0
2026-02-19T17:07:42.541994,127.2,12.24,3.18,3.19,364.0
2026-02-19T17:07:43.543922,118.8,11.85,3.18,3.19,344.0
2026-02-19T17:07:44.549637,117.6,11.76,3.18,3.19,364.0
2026-02-19T17:07:45.559121,123.0,12.3,3.18,3.19,404.0
2026-02-19T17:07:46.567920,120.0,11.53,3.17,3.18,400.0
2026-02-19T17:07:47.567229,121.9,11.52,3.18,3.2,386.0
2026-02-19T17:07:48.580102,129.0,11.76,3.18,3.19,404.0
2026-02-19T17:07:49.585921,195.0,19.5,3.09,3.11,574.0
2026-02-19T17:07:50.588158,138.5,12.69,3.18,3.19,394.0
2026-02-19T17:07:51.596606,117.9,12.78,3.18,3.19,360.0
2026-02-19T17:07:52.605663,120.6,11.75,3.18,3.2,386.0
2026-02-19T17:07:53.608124,193.2,19.32,3.09,3.11,602.0
2026-02-19T17:07:54.609770,132.7,13.27,3.16,3.17,440.0
2026-02-19T17:07:55.624620,117.3,11.82,3.18,3.19,386.0
2026-02-19T17:07:56.622083,118.1,11.74,3.18,3.19,380.0
2026-02-19T17:07:57.628921,120.2,11.89,3.18,3.2,374.0
2026-02-19T17:07:58.638966,123.3,12.33,3.16,3.17,386.0
2026-02-19T17:07:59.649798,111.9,11.19,3.17,3.18,364.0
2026-02-19T17:08:00.655914,112.8,11.32,3.18,3.19,354.0
2026-02-19T17:08:01.659861,183.7,18.34,3.07,3.09,574.0
2026-02-19T17:08:02.666906,110.5,11.05,3.18,3.19,350.0
2026-02-19T17:08:03.673315,110.4,11.04,3.17,3.18,350.0
2026-02-19T17:08:04.679987,108.6,10.94,3.18,3.19,348.0
2026-02-19T17:08:05.685371,114.0,10.9,3.17,3.18,364.0
2026-02-19T17:08:06.690569,115.9,12.07,3.14,3.16,384.0
2026-02-19T17:08:07.698167,115.6,11.56,3.16,3.18,368.0
2026-02-19T17:08:08.703669,117.9,11.79,3.16,3.17,364.0
2026-02-19T17:08:09.711007,109.8,10.84,3.17,3.18,344.0
2026-02-19T17:08:10.717752,122.4,11.51,3.18,3.19,344.0
2026-02-19T17:08:11.721206,113.5,13.17,3.16,3.18,380.0
2026-02-19T17:08:12.728778,114.2,11.42,3.16,3.18,368.0
2026-02-19T17:08:13.730473,109.0,10.9,3.18,3.19,348.0
2026-02-19T17:08:14.742679,112.7,12.12,3.16,3.18,406.0
2026-02-19T17:08:15.748826,113.9,11.83,3.18,3.19,344.0
2026-02-19T17:08:16.751140,124.0,10.95,3.18,3.19,348.0
2026-02-19T17:08:17.761389,132.6,13.26,3.18,3.19,360.0
2026-02-19T17:08:18.759871,115.6,10.85,3.18,3.19,416.0
2026-02-19T17:08:19.772809,198.6,19.75,3.08,3.1,590.0
2026-02-19T17:08:20.779811,112.0,11.68,3.18,3.19,390.0
2026-02-19T17:08:21.784618,135.8,13.58,3.16,3.17,412.0
2026-02-19T17:08:22.789342,126.6,12.66,3.16,3.18,420.0
2026-02-19T17:08:23.794601,132.9,13.32,3.16,3.17,420.0
2026-02-19T17:08:24.801259,128.9,12.84,3.16,3.18,406.0
2026-02-19T17:08:25.809494,138.9,12.83,3.17,3.18,404.0
2026-02-19T17:08:26.816955,132.8,13.28,3.16,3.18,416.0
2026-02-19T17:08:27.821449,128.3,12.83,3.16,3.18,410.0
2026-02-19T17:08:28.829286,128.6,12.88,3.16,3.17,410.0
2026-02-19T17:08:29.827809,207.1,21.57,3.04,3.07,636.0
2026-02-19T17:08:30.839333,211.9,20.92,3.06,3.08,632.0
2026-02-19T17:08:31.847792,128.0,12.8,3.16,3.18,404.0
2026-02-19T17:08:32.854269,138.1,13.81,3.16,3.17,416.0
2026-02-19T17:08:33.860460,124.0,12.49,3.17,3.18,386.0
2026-02-19T17:08:34.866021,122.9,12.46,3.18,3.19,380.0
2026-02-19T17:08:35.871467,112.4,11.85,3.18,3.2,384.0
2026-02-19T17:08:36.877100,121.3,12.13,3.18,3.19,396.0
2026-02-19T17:08:37.884310,126.6,12.66,3.16,3.17,376.0
2026-02-19T17:08:38.890408,118.6,11.58,3.18,3.19,404.0
2026-02-19T17:08:39.895035,116.6,11.21,3.18,3.2,354.0
2026-02-19T17:08:40.895201,115.9,11.68,3.16,3.18,380.0
2026-02-19T17:08:41.901300,115.3,11.53,3.18,3.2,370.0
2026-02-19T17:08:42.914276,128.1,12.81,3.17,3.18,384.0
2026-02-19T17:08:43.913749,114.9,11.76,3.17,3.18,384.0
2026-02-19T17:08:44.927769,183.3,18.57,3.09,3.11,576.0
2026-02-19T17:08:45.930805,113.1,11.37,3.18,3.19,364.0
2026-02-19T17:08:46.939259,114.4,11.44,3.16,3.17,420.0
2026-02-19T17:09:23.215718,117.1,11.71,3.17,3.18,370.0
2026-02-19T17:09:23.293444,111.5,11.25,3.17,3.18,364.0
2026-02-19T17:09:23.311488,188.8,18.53,3.08,3.1,574.0
2026-02-19T17:09:23.319120,112.2,12.74,3.17,3.18,354.0
2026-02-19T17:09:23.327643,109.5,10.95,3.18,3.19,350.0
2026-02-19T17:09:23.331407,116.1,11.61,3.18,3.19,364.0
2026-02-19T17:09:23.336824,108.8,12.47,3.16,3.17,376.0
2026-02-19T17:09:23.340215,108.9,10.82,3.17,3.18,348.0
2026-02-19T17:09:23.344457,183.3,18.17,3.08,3.1,560.0
2026-02-19T17:09:23.352529,108.3,10.83,3.18,3.19,344.0
2026-02-19T17:09:23.360543,108.3,11.48,3.17,3.18,348.0
2026-02-19T17:09:23.367576,197.6,19.92,3.08,3.1,564.0
2026-02-19T17:09:23.383406,116.2,12.56,3.18,3.19,360.0
2026-02-19T17:09:23.391891,123.2,12.32,3.18,3.19,360.0
2026-02-19T17:09:23.403679,115.7,11.57,3.17,3.18,380.0
2026-02-19T17:09:23.409881,185.2,20.37,3.08,3.1,632.0
2026-02-19T17:09:23.415651,128.8,13.03,3.18,3.19,368.0
2026-02-19T17:09:23.423684,110.9,11.09,3.18,3.2,390.0
2026-02-19T17:09:23.433141,112.1,11.21,3.18,3.2,370.0
2026-02-19T17:09:23.452370,198.2,20.19,3.07,3.09,606.0
2026-02-19T17:09:23.472430,120.6,13.0,3.18,3.19,358.0
2026-02-19T17:09:23.683295,122.8,12.28,3.16,3.18,376.0
2026-02-19T17:09:23.766532,121.8,12.18,3.18,3.2,394.0
2026-02-19T17:09:23.816085,115.7,11.67,3.19,3.2,376.0
2026-02-19T17:09:23.838314,118.4,11.51,3.18,3.2,368.0
2026-02-19T17:09:23.855316,113.3,12.15,3.16,3.17,386.0
2026-02-19T17:09:23.885831,111.4,11.14,3.18,3.19,358.0
2026-02-19T17:09:23.900643,182.8,19.38,3.08,3.1,566.0
2026-02-19T17:09:23.912717,108.5,10.87,3.17,3.18,358.0
2026-02-19T17:09:23.920980,119.0,11.8,3.07,3.08,358.0
2026-02-19T17:09:23.928044,180.2,18.02,2.96,2.97,540.0
2026-02-19T17:09:23.937917,121.9,12.19,3.12,3.13,354.0
2026-02-19T17:09:23.949927,130.1,12.79,3.11,3.12,380.0
2026-02-19T17:09:23.960726,118.9,11.52,3.12,3.14,354.0
2026-02-19T17:09:23.970941,196.2,19.62,2.99,3.01,564.0
2026-02-19T17:09:23.987235,125.8,12.58,3.12,3.14,396.0
2026-02-19T17:09:24.170371,124.7,11.12,3.13,3.14,364.0
2026-02-19T17:09:25.175864,112.7,11.83,3.13,3.14,350.0
2026-02-19T17:09:26.183693,134.7,10.93,3.13,3.14,350.0
